LD1,LD2,NSP
2.4305233549564087,-0.8793878834295833,2.0
-1.7051301050633854,0.3360628318195837,1.0
-1.653518174632289,0.18381498946618466,1.0
-1.7675244116710263,0.12572746535849355,1.0
-1.7875751949896737,0.4596662281218297,1.0
5.779859598069257,3.6351119443688455,3.0
6.567023223956354,3.7611378928321213,3.0
0.9259883464747705,-0.0988310138554265,3.0
0.7917026293160522,-0.05978091681203249,3.0
0.6040205935941448,-0.11572579943952489,3.0
0.8897798261266624,-1.1800451618251662,2.0
0.785719543446255,-1.4083733151031328,2.0
-1.4479543372725545,0.44999918575993036,1.0
-1.6183250601492787,0.5902032488881955,1.0
0.5390284411910004,0.6371252267977717,1.0
0.6815619107601054,0.90146999502273,1.0
-0.9654610765340469,0.16568181124215745,1.0
0.8575816342543235,0.4107055305516321,2.0
0.7326277608987254,0.4238619065582534,1.0
0.6081144892581224,-0.04273177252455544,1.0
5.723959202828646,1.408020197636995,3.0
0.9487864562292718,0.05226131728008015,1.0
6.075242218784326,2.12557726891482,3.0
1.0328357988720027,-0.11361184228011391,3.0
3.7402618888694423,-1.1321387998646115,3.0
3.486462333535473,-1.1139993886828619,3.0
1.150280219583462,-0.6909385060698954,3.0
3.4642871568597844,-0.9884697172115842,3.0
1.6791087010353773,0.5563909428059507,2.0
0.2824788295893009,0.8470299035682497,1.0
-0.396406091021078,0.06819305956123865,1.0
0.06835492571036417,1.040009986603143,1.0
-0.5854960009538088,-0.3091869034805778,1.0
-0.7573645799995817,0.8779543509275765,1.0
-1.06018857357914,0.7418403167763422,1.0
-1.1873977103225903,0.48904521490592756,1.0
-1.35784373823121,1.2407682633568595,1.0
-1.0509857343644535,0.9777924239574844,1.0
-1.0020089105691583,1.1516764986149073,1.0
-1.3264464384995305,1.6615203232959308,1.0
-1.888979304204697,2.0782756679987795,1.0
-1.4371406046988116,1.062335672964018,1.0
-1.287792681503437,0.08826993266206799,1.0
-1.1699503438282557,-0.1939488214491703,1.0
-0.5066431606523499,0.7871469469796973,1.0
-0.47844321876176144,0.8303779584568924,1.0
-1.4028721002958717,0.06407682860467648,1.0
-1.297478960899789,0.4286411758023,1.0
-0.561096192442147,1.235038642173229,1.0
-2.0260806122176436,-0.7247353950183723,1.0
-1.4577594168128787,-1.3246760285897983,1.0
0.017472412686580403,-0.23052228179995835,1.0
2.6800935908671213,1.5037065842821826,2.0
1.7538645836090505,-1.8418653729054517,2.0
3.188213430811473,-2.15188792219037,3.0
1.93083885667741,-2.3432896863012953,2.0
1.9425539297892707,-2.3285318587395065,2.0
0.37587910059440943,-1.540745532829467,1.0
0.1817270447889707,-1.2875170428545597,1.0
-1.2759513117626033,-0.18439459288112414,1.0
-0.36850061777542503,-0.9222247177986139,1.0
-0.0970635814470391,-0.8819302604511855,1.0
-1.0334992034930397,-0.304580649256572,1.0
-1.6649994431160962,-0.49260801990864767,1.0
-1.3139792394493255,-0.637165443221925,1.0
0.6300386168682776,-1.3060429931582738,1.0
-0.7973082748763809,-2.1617242159643877,1.0
-1.3748196994900008,-0.3860551950863859,1.0
-1.3748196994900008,-0.3860551950863859,1.0
-1.1728151099738944,-1.7400183915185188,1.0
-0.9273926510191118,-1.5170319526629998,1.0
-0.27840997313906446,0.9329666373124923,1.0
-0.16042590784560032,0.01313529917178659,1.0
-0.3156392699406853,0.4916473627112858,1.0
-1.0047188027520568,0.782903959455212,1.0
-0.1612944854573661,-1.4439718159523167,2.0
0.17394242184504385,-1.2394205261549158,2.0
-0.7241983531364441,-0.1577119974482944,1.0
-0.7969275507615726,-0.5588103012018025,1.0
-0.7288339277473708,-0.546358020306212,1.0
-0.8304650479998014,-0.7757853266885762,1.0
-0.8424140324241776,-1.1726456995887862,1.0
-0.655623851469428,-1.2947577118494318,1.0
-1.2522945299995634,-0.1723802190574421,1.0
-1.4802888787521447,-0.5268172092949454,1.0
-1.4870946817092054,-0.0750000437486026,1.0
-0.8687817536445267,-0.14533378297773933,1.0
-0.44272728244624415,-0.46978877910537825,1.0
0.9393884798588255,-1.8190433542587339,1.0
-0.0651976164012392,-1.0305959868361345,2.0
0.7856352702050577,-1.8628555627717602,2.0
2.9944741250754774,-2.196611561575658,2.0
3.164274262156913,-2.062984377623925,2.0
3.2271171175157325,-2.185686855355789,3.0
3.3767311441392365,-1.974803466677598,3.0
0.5970628029925705,-1.2055440475640382,1.0
1.4791668963608622,-1.6480550141978603,2.0
1.4578471130062123,-1.844467726647816,2.0
1.6267888667925567,-1.8836306823368927,2.0
-1.3646084164398542,0.49614451911857266,1.0
-1.1433591132557615,0.6310991016629773,1.0
-1.2859005579227318,0.8780525055304107,1.0
-1.2696258754809464,0.8054818851357587,1.0
-0.9545128313158654,0.3511260377311446,1.0
-1.2658015350641383,0.21383722083230472,1.0
-1.0056729558819073,1.1547221376845913,1.0
-0.386678148247767,0.5247633888583295,1.0
-1.255193348696145,0.7236480857098263,1.0
-1.30831754431889,0.8327920857182082,1.0
-0.7803274634551736,0.35070737969087823,1.0
-0.9646821942737985,0.25903792301177836,1.0
-0.910702306532774,-0.06020165278392549,1.0
-0.8208006653088904,-0.19549725813738575,1.0
-0.6619388394099142,-0.347730497132682,1.0
-1.2011494368866555,1.1882573229614137,1.0
-0.5679068941737225,1.1379087686338498,1.0
2.3209336263673825,1.7150280806105782,3.0
-1.4165277563077734,0.9553398171601044,1.0
-1.2437117595221214,0.747576771171733,1.0
-1.374972234263403,1.008824364602772,1.0
0.06869348343943699,-1.0640647854200727,1.0
0.46293065879073586,-0.5211400081473143,1.0
-0.1837513070563169,-0.0002289355530791709,1.0
-0.9495491939255088,0.2702809730928696,1.0
1.0099096350330183,1.7454814513132935,2.0
0.22285976697596,-1.7130911569039502,2.0
1.177036223391953,-2.080040232936381,2.0
0.021791142624662814,-1.6224658416470477,2.0
0.7837014327469497,-1.8849528613137483,2.0
0.69878347035449,-2.052306753440352,1.0
1.3180342012959776,-2.1988644701543647,1.0
0.7209716275047935,-1.8550593141081857,1.0
2.1259443129266438,-2.4896375623144027,1.0
-0.44705489529873965,-1.7925727943601697,1.0
-0.4098301296791722,-1.7425913908380786,1.0
0.44006244017285406,-1.9588146565039324,2.0
-0.37686033062127133,-1.7396210886578216,1.0
0.5768719588332304,-1.9810382054066134,2.0
-0.5230964321414144,-1.820241229041181,2.0
-0.20488033146104542,-2.2509982999407856,2.0
-0.29343674481145443,-2.052147815511502,1.0
0.10840289869298361,-1.4389555262424463,1.0
-0.6133529633568073,-1.806569831914124,2.0
0.1894360862391264,-1.2783490796461032,1.0
-0.3438518472198824,-0.47331259084824034,1.0
-0.48574857082905354,-0.435888757826774,1.0
0.07940712840333748,-1.2883657501659256,1.0
-0.19122383803695744,-0.9549815881104403,1.0
0.046143586967997925,-1.1363362304965259,1.0
0.024829905982736135,-1.361576920456738,1.0
0.5410029038188875,-1.7175930754246092,1.0
0.2588735249945525,-1.5681865267878357,1.0
-1.6517858285019191,-0.49999646240955103,1.0
-0.828709962560558,0.22894170339116882,1.0
-0.5662687469041118,-0.27566625177629217,1.0
-0.4876078744224132,0.3115934565110961,1.0
-0.5632292009361035,0.2922388836030191,1.0
-0.5419890876904412,0.31789426771486384,1.0
-1.2274520298230438,1.6492182097870771,1.0
-0.922048599461009,0.989734193752222,1.0
-0.672400632766204,0.8436035547351585,1.0
-0.821301638550172,0.6790791354593505,1.0
-1.0121803570892176,1.1654232336531125,1.0
-0.9484994282689873,1.036511334343483,1.0
-0.7388648294142408,0.7081355620396882,1.0
0.3957958726273029,0.062005086221732154,1.0
0.5133309385036696,-0.02655678884806324,1.0
0.43792808691498447,-0.5130832825081122,1.0
0.23546048920359644,-0.8314304950991889,1.0
0.7416126588705444,-0.04749519587114936,1.0
-0.367109831318146,0.16375719681610543,1.0
0.20465031259117936,0.14247527611309246,1.0
-1.0386804205654718,0.5856365401781224,1.0
-0.8483242009010654,0.47729748661566757,1.0
-0.956820783934056,0.27371645393009464,1.0
-1.2939867717253979,0.16909831992256746,1.0
-1.2012873914466038,0.10821805126514022,1.0
-1.6243531095531571,0.5994161947801828,1.0
-1.5008194182393364,0.7087167035142177,1.0
-1.765084288745395,-0.0719524181351385,1.0
-1.236128457801333,-0.01589274920141707,1.0
-0.9474035790544809,0.7553172624541522,1.0
-0.3658972366803984,0.7062641069336657,1.0
-0.8436430760448933,0.16805706253996133,1.0
-0.2955856053843469,-0.16389512853199736,1.0
-0.7055746404110783,0.6747534991170756,1.0
-0.27957601097392937,-0.30832078094761617,1.0
-0.453999799209883,-2.135550344791937,2.0
-0.9240796175544836,-1.8517073569162756,2.0
-1.482980650362955,-0.7150605885137289,1.0
-0.7471965580136622,-2.274581264777211,2.0
-0.9997389583134847,-1.5636383630785153,2.0
-0.7569795455053357,-1.7927187388004835,2.0
-0.9200509194422407,-1.5907318104384653,2.0
0.15427649026919432,-1.6372951646540332,2.0
0.12013830658081637,-1.4995816027678608,1.0
0.1557076096972534,-1.926758532874344,2.0
-0.3562689561796646,-1.5185844201398675,2.0
-0.4969051938431237,-1.215884283391483,1.0
-0.25590680410179384,-0.09836243297011625,1.0
-0.5499619805330433,0.05663860071817003,1.0
0.3010181653960192,0.02561443778887044,1.0
0.25168769911795674,0.09820179300850454,1.0
-0.16426241162688845,0.11553361782871072,1.0
0.22917272830947963,0.13236869780303748,1.0
0.3324834597966555,0.060472098083355894,1.0
-0.35146777524092965,-0.06406467590096171,1.0
-0.42543501326255106,0.18858235368253062,1.0
-0.6540391279546653,0.21672426301640074,1.0
0.02584021917417554,-0.21214005147735118,1.0
-0.8400501906476056,0.7117127949942286,1.0
-0.5350964459076194,-0.184716930462279,1.0
-0.9714208985330451,0.20941806778254154,1.0
-0.8336720164079955,0.2035123439245383,1.0
-0.159581697153831,-0.14124690470709733,1.0
-0.22936048661194997,-0.2963220569776586,1.0
0.13073784129907462,-0.4551900665767498,2.0
0.005992401599916383,-0.4813245931768607,2.0
-0.5804340456567384,-0.07224401425118594,1.0
-0.2868779276761324,-0.20867219528452943,1.0
-0.5365973236703779,-0.46537343414921173,1.0
-0.21982432830846427,-0.5453625053106771,1.0
-0.5702413872451371,-0.37775875972998346,1.0
-0.3900663632370715,-0.14907536983617933,1.0
-0.17834199928382954,-0.4864430683274833,1.0
-0.19132499842382478,-0.5604001242725213,1.0
-0.41080184643517426,1.0920889391911317,1.0
-0.32415562247135166,0.5306902168672196,1.0
-0.41895765392076545,0.5905689186342103,1.0
-0.6214833498672534,0.06457228560877916,1.0
-0.25502977484897127,-0.1435377128210428,1.0
-0.33591796614671754,-0.05963634179788814,1.0
-0.259788264117115,-0.14155875629439277,1.0
-0.3660034591207382,-0.043939070660493976,1.0
-0.3660034591207382,-0.043939070660493976,1.0
-0.4130272299940356,0.38946053074651593,1.0
-0.2354459660734499,0.12019690726589087,1.0
0.009178871917543564,0.2780233739281754,1.0
1.8264727870038264,-0.43108321916919534,2.0
2.479610223348835,-0.6582662326159424,2.0
3.0573714720417993,-0.8255509773979262,3.0
0.9838858431444758,-0.4491027625517264,2.0
1.0555090302209265,0.03143241074249673,2.0
1.0615016807628848,-0.782921088311798,2.0
1.540295689378871,-0.8884113956282761,2.0
-0.9916444478116555,0.3615060965825488,1.0
-1.2222909475786121,0.20154958504326517,1.0
0.6052354777134055,-0.9366703848398873,1.0
-0.6562927100879082,-0.6215717472443336,1.0
1.5872274173697738,-1.961010726801549,2.0
0.9740711959836694,-1.546599097158005,2.0
-0.12606811112252833,-1.8964632468031448,2.0
0.6070560976583417,-0.48363403050068554,1.0
1.9407082742808912,-0.06434428188698656,1.0
1.3341262483152303,-0.18757944659173423,1.0
-1.6719627483876622,1.8288980862906956,1.0
-1.5769560641381755,1.3501873353819,1.0
-1.1389861472014682,0.9857893085824143,1.0
-1.6910838138366453,1.1673120345430126,1.0
-1.4628906137794302,1.3838712353253688,1.0
-1.3193316588543145,-0.3855848010604771,1.0
-1.5582421763968597,-0.4921241511127226,1.0
-1.3320132432227567,-0.9039210084212687,1.0
-1.3094889701531969,-0.5642935784094114,1.0
-1.2008628918064104,0.19280120655668523,1.0
-1.9687202416879603,-1.516781953123099,2.0
-1.247708449996366,1.0380971821039604,1.0
-1.2961773726359644,0.34485143388727935,1.0
-0.6272263383022095,0.16512427877923658,1.0
-0.797843801613965,0.22104643670940788,1.0
-1.5173222089197935,2.373220605750755,1.0
-1.3145974195864547,1.4118705248387031,1.0
-0.38528442174070876,-0.23045266606010187,1.0
-0.7711326058673459,0.3335183935803675,1.0
0.40890717658860276,-0.30800544291712795,1.0
-0.7859761185816616,0.5725908228681728,1.0
0.03929530826763742,-0.11246217478655872,1.0
-0.3599194511685898,-0.18169179674621558,1.0
-0.22789327278378213,0.01275843114600433,1.0
-1.2713257502165485,0.6522762972636056,1.0
-0.5551387423674882,-0.4504780869327186,1.0
-1.3307045256287968,0.7721761696647574,1.0
-0.7282693704016047,-0.26803321171724553,1.0
-0.045000529422412255,-0.5106727054140241,1.0
-0.7712522142187329,-0.18311640421869496,1.0
1.5889541475534594,-1.7585871104745816,2.0
2.410275265450802,-2.2626119315398223,2.0
0.5768906911981507,-1.1220246938016447,2.0
0.2757154505623367,-0.9380646037845353,1.0
2.7269875826727388,-2.2701373441499353,2.0
1.1810506612690834,-1.4822108055766263,2.0
1.7029614275632998,-1.9837984223206702,2.0
0.0025837500226023125,-1.3923092038295624,1.0
0.8161389425233899,-1.561033611526102,1.0
1.5806484674213677,-1.945323249820994,2.0
2.6322093463240335,-2.1668193607437645,2.0
3.526199645205551,-2.0648786514995936,3.0
3.7912774120713024,-2.2053562776337716,3.0
3.3049800359327075,-2.0528082268845376,3.0
2.920254445890475,-1.9533331971002983,2.0
2.5356501453629323,-1.725846159864648,2.0
2.9399392626522616,-1.8767650074268156,2.0
1.3539474884230465,-1.3336575695220503,2.0
2.1408285176162973,-1.9310733078209887,2.0
2.4986585279248756,-1.724117316297766,2.0
1.8128399881213944,-1.7419863463080398,2.0
2.4986585279248756,-1.724117316297766,2.0
1.3530784479113926,-0.9169887058981624,2.0
2.6210757806315654,-1.6204058447282685,2.0
3.4576051904914595,-1.9546160488420143,3.0
1.9725466104515224,-2.2597473473356815,2.0
2.8195179037929776,-2.136915506548258,2.0
1.2531009462270426,-2.018045009926953,2.0
2.116442232316709,-1.8661438256146043,2.0
2.9677119659383107,-2.0660687511776294,2.0
1.2910016163751523,-1.4459834422267712,2.0
2.858553617043456,-2.255566873343502,2.0
3.903729181620732,-2.295908837163835,3.0
2.5857059558112963,-2.4117631944604887,2.0
3.903729181620732,-2.295908837163835,3.0
1.459159949232829,-1.5547663306086097,3.0
2.356863785127267,-1.9204323257571434,2.0
1.0307412597517485,-1.5741677585974136,2.0
2.406860755166663,-1.8736989685019039,3.0
2.406860755166663,-1.8736989685019039,3.0
-0.19875150413562886,-1.5842033825998751,2.0
2.6407850118845375,-1.805016943966858,2.0
3.0277809941328346,-2.0295056076783995,2.0
3.9016754713551283,-2.136247106217257,3.0
2.4398215777507914,-1.4051622907891712,2.0
2.9154797063488496,-1.656303315351028,2.0
2.907852539827715,-1.6610408033719846,2.0
1.5704368316835062,-1.1377707814247773,2.0
2.6407850118845375,-1.805016943966858,2.0
3.2864080035664673,-1.9183928059818691,3.0
3.3160728701157227,-1.8862643937489212,3.0
0.28679196413821295,-1.0663016817286333,2.0
0.44206501222488853,-1.2391021011546588,2.0
0.4107472590162229,-1.2949519972555557,2.0
3.7600454614486782,-1.570179469490785,3.0
3.9161637333093466,-1.6234106659480148,3.0
3.367890849407536,-1.464473245370742,3.0
3.5925806432890863,-1.529572291893818,3.0
1.9311175059366574,-1.5672645483306848,2.0
2.278067504401522,-1.53343333646114,2.0
2.80934058800204,-1.5622190029940306,2.0
2.62999062013678,-1.5033422515664356,2.0
1.2861829538481637,-1.123507853151369,2.0
3.0355951386574795,-1.7300404895745818,2.0
2.3738555033504682,-1.53813760898274,2.0
2.604064268706982,-1.5543067478522572,2.0
3.6566313139334636,-1.8644704954988671,3.0
3.8670894402719265,-1.917066857031129,3.0
1.1908118531830056,-1.2105359719254858,2.0
1.4693669124857816,-1.0024486068183285,2.0
0.6917927932076313,-1.5129280629910669,2.0
0.12126027958850681,-1.1564247511366046,2.0
-0.6100388890157575,-0.4818471858936321,1.0
-0.017116260054998965,-0.764150289433558,2.0
-0.4886778634255936,-0.52020071684487,1.0
0.8576840294998654,-0.8853101055538408,2.0
1.1077554144490793,-0.9254913000804702,2.0
2.707337266518838,-1.5141505350475224,2.0
3.167979255648037,-1.4936616503609395,3.0
3.4171696207495135,-1.5645277048761819,3.0
0.8419348500924351,-0.9735476430821361,2.0
2.3219954294627767,-1.1873453836245138,2.0
2.6688507718942693,-1.3777492136668565,2.0
0.16615375130340812,-0.5438361180771318,2.0
1.0136413134593425,-1.4296509589864002,2.0
1.1756247027774909,-1.2939672977081904,2.0
-0.271294348380247,-0.8478366240561679,1.0
0.9340676180682763,-1.6105147986597577,2.0
0.9535566575032534,-1.233134224154405,2.0
0.16819925493656482,-0.9672020036129567,2.0
1.185770769967818,-1.9281600598011037,2.0
-0.0892337459709593,-1.2833243658891897,2.0
-1.0250916320927188,-0.5484875940598741,1.0
1.0631656528124453,-1.7194575380450488,2.0
0.1193122807507157,-1.5311191746253234,2.0
-0.8664313306293868,-0.4606610390159854,1.0
-0.473095889345837,0.736803492944523,1.0
-0.6680300734688281,0.0692694031399534,1.0
-0.0980402122104979,-0.4025289672392153,1.0
-0.22491419866756862,-0.12084048335188109,1.0
-1.0790991030024282,-0.6628919011539139,1.0
-1.7696337395490576,-1.4698060585931745,1.0
-1.2204377088395384,-1.5148278291228665,1.0
-0.4503143554598362,0.07803066908758344,1.0
-0.5748875440540516,-0.9866890480523915,1.0
-0.8715319856076119,-0.22600489728122847,1.0
1.216647310002897,-1.6216675809261463,1.0
2.1855690847446403,-1.5902639006847643,2.0
-0.5425768553078264,-1.1989860493681033,1.0
0.381415259381961,-1.3672723590561844,1.0
1.5984412035717543,-1.7012765161764993,2.0
0.08569442893596904,-1.412297341287304,1.0
1.0023017072197515,-1.892389799512048,2.0
0.8478830399549538,-1.7850181294922762,2.0
-0.22240653079487657,-1.6523221596704243,2.0
1.940096553503513,-2.2676744922228127,2.0
-0.02494055306157377,-1.689019281634745,1.0
2.123220275012085,-2.1354457892078647,2.0
2.1707939334689605,-2.132362676132259,3.0
2.1514548164484544,-2.355068095573954,2.0
2.314507156753783,-2.2010932427053103,2.0
2.7351988609403897,-2.237873496931737,2.0
1.9341116591554979,-1.9825954493859592,2.0
2.1826378668095003,-2.0543022463168525,2.0
2.7307456070725125,-2.2117466711122282,2.0
0.5736937010127995,-1.0056615853005275,2.0
1.2587998967733853,-1.119932363299424,2.0
0.5786181060214634,-1.1931138401843198,2.0
0.4050352129732818,-0.9995412463781942,1.0
-0.10892610181605054,-0.7091522585677136,1.0
-0.021066184831872396,-0.702259588325645,1.0
0.18783949476526957,-0.9655834543176449,2.0
2.070772928380377,-1.9057605503131065,2.0
3.0888000815764514,-1.799852332632437,3.0
0.2813791537995373,-1.5292706940111072,2.0
2.3605236368789964,-1.8800295071697042,2.0
0.364488778496965,-1.3501890774506478,2.0
0.7328784737244809,-1.5673710222339658,2.0
0.2523715881811619,-0.9443638918067908,2.0
0.3462916525737369,-1.3563494513999395,2.0
0.18615690591380998,-1.6917996612355326,1.0
-0.3242260137084468,-1.6780919380637562,1.0
-1.3070408616432367,1.9526004816124358,1.0
-0.8286785115829185,0.40682654875234114,1.0
-0.9450631423443316,0.685974704111301,1.0
-1.2771595233200064,1.2261152882788684,1.0
-0.8944445702980908,1.0153806677080515,1.0
-0.4272469153094996,0.9006430378224378,1.0
-0.860606322025702,0.06928627190817514,1.0
0.49175294570980177,-1.7027414155955762,2.0
0.1233466503064174,-1.3687032254838989,2.0
0.763333845511978,-2.0682255718973823,2.0
0.2811394805196086,-1.530827065261602,2.0
0.8632296727616247,-1.9552056558623057,2.0
0.5624600019826393,-1.4422522580041504,2.0
-0.021514709151841137,-1.408978396869757,1.0
-0.14552693196406194,-1.5283585436321814,1.0
0.12186975921700481,-1.1961824910778014,2.0
0.40633175201135335,-1.140166637513284,2.0
0.08583312415727028,-1.3360699478980553,2.0
1.9237844685817203,-1.3534221924064156,2.0
1.9597503893105561,-1.3715314613546181,2.0
1.8860718090865651,-1.342462409289978,2.0
0.14666413955827667,-0.4220699117088171,1.0
0.3253820254041936,-1.0015169337082974,1.0
0.4334545844136624,-1.0941176574381652,1.0
-0.33272895231889843,-0.3619039239346994,1.0
-1.0247601175038326,0.6675529773668127,1.0
0.299552262683202,-0.6413347865215195,1.0
0.4246467313475138,-0.7550575638071785,1.0
0.21465451937814414,-0.6744862250205169,1.0
-0.9450518332880956,1.0238097004152196,1.0
-0.7064923221819936,-0.4097094076399549,1.0
-0.7084144013252962,-0.5869401419673165,1.0
-0.3751183374085737,-0.19761618359061953,1.0
0.4710450699492303,0.3750204631678972,1.0
0.8605781464576449,-0.20155679657179074,2.0
-0.41382314703885825,0.4840013887064905,1.0
-0.3428451969690414,0.09519339029234779,1.0
-0.17515850920410483,-0.12256222059233661,1.0
1.3706422630471682,-1.9132510255347726,2.0
1.8278648168186353,-1.6895011701178833,3.0
1.8553979861684549,-1.6572509389110348,3.0
1.965363638475158,-1.6888109839092476,3.0
1.8140697363329505,-1.9467627776565744,3.0
2.064971963910283,-1.9292283891185995,3.0
2.2488811472743304,-2.0798816044164052,3.0
1.441840448665248,-1.8044845961071896,3.0
1.7723547239199975,-1.9143694317548485,3.0
2.384809551938053,-1.8139358334065168,3.0
2.3234985111739803,-1.8265434642977512,3.0
0.17090706867895095,-0.9017255064761975,2.0
0.6003583886902516,-1.3127701119672337,2.0
0.32848693573301463,-1.0205718970947384,2.0
0.07868417093035825,-0.9649651540518078,1.0
1.2416344261229446,-1.8388994852720415,2.0
1.525693187591931,-1.4095932308029073,2.0
0.15550172437114274,-1.4321952657435653,2.0
-0.5420303818613155,-1.3111562237654522,2.0
0.454525819914927,-1.6289488106652612,2.0
1.0005116940505077,-1.250255148181832,2.0
-0.819544477808724,0.9888820334139979,1.0
-0.9056834275505365,0.29548114373622647,1.0
-0.6372417692481875,0.35048761209666557,1.0
-0.9153872452550462,0.8124246853895339,1.0
-2.1378164867306606,0.17723663547826582,1.0
-1.9049750272764658,-0.37138732536814895,1.0
-2.4018766567672665,-0.9316714023181007,1.0
-2.408855258888206,-0.9385417470187923,1.0
-1.0493416502297894,0.7021141811259848,1.0
-0.5385929510170672,0.23860319918816392,1.0
-2.0408100741796242,1.0191528739451625,1.0
-2.0099958107646274,-0.017375836213523684,1.0
-1.9891169414106464,0.18231968361341883,1.0
-1.991757792521399,0.0051769421548049106,1.0
-1.686577997505941,1.785331411809604,1.0
-1.4617332448225075,0.6327888982832509,1.0
-1.9402490547165532,0.4526029004045662,1.0
-1.8939012720436557,0.032411972116454364,1.0
-0.8424541442047915,0.22133426532693773,1.0
-0.8705221485160927,-0.10700313549804492,1.0
-0.42043713546992395,-0.31777007279831637,1.0
-0.4940486199373357,-0.9412656167339248,1.0
-0.3774893649247589,-0.6188329297312646,1.0
-0.4351081575056706,-1.1201267156241619,1.0
-0.5349612839594636,-0.7308329256138881,1.0
-0.4653566085342443,-0.9147548933872203,1.0
0.08393739137802844,-1.5514799428194241,1.0
-0.19606374741287763,-1.6206173328255793,2.0
-1.193877936975847,0.9307153611495923,1.0
-0.7720009607168137,0.028712781989065315,1.0
-0.9407389154386184,0.15905727538117723,1.0
-1.3279828472129662,0.08611376034494021,1.0
-0.9321211992123347,0.1584133770770726,1.0
-1.0231628330668014,-0.18360083971964872,1.0
-0.6931921248446731,0.15734272455235285,1.0
-0.23109365280255192,-0.04297567254463525,1.0
-1.1762829623873485,-1.4717205953587957,1.0
-1.2261074666431582,-1.72871682315671,1.0
-1.3147371580976632,-1.920176969360963,1.0
-0.9983302480019272,-1.7167417618328233,1.0
-2.1180061163920283,0.3205037475379452,1.0
-1.9777076365394661,-1.3291735621317182,1.0
-1.9529313175366863,-1.586339441587168,1.0
-1.673125174699231,-0.8424815586963216,1.0
-1.3640785635090578,-0.49813568979874795,1.0
-2.4691002508147264,-1.2335235751361842,1.0
0.6517545128923357,-1.2117408876527938,1.0
0.7022655546346527,-1.3678656271681868,2.0
1.240213126154408,-1.39969371660688,2.0
0.5278581149255138,-1.2885011745315436,1.0
0.4207940240609758,-1.000438700288033,1.0
1.2535626157602493,-1.4407499146883327,2.0
1.2478348450343142,-1.4564167329650166,2.0
0.9432266324138949,-1.3238787508816792,2.0
-0.9395282903629812,-0.32901080064829447,1.0
-0.3984804329985856,-1.371493184912908,2.0
-0.6605363327594823,-1.0246818257285217,1.0
-0.4658602298284086,-0.9421491745473047,1.0
1.6032909575691472,-1.5946332151670712,2.0
1.8601890682844546,-1.5385270847710708,2.0
1.2580767726443862,-1.415145381469878,2.0
0.29227283602766047,-1.5307276672800023,2.0
0.18370903888589749,-0.8905993891592949,1.0
0.7112205185428727,-1.0770270034651597,2.0
0.7598493432838334,-1.144310035875938,2.0
-0.4963111669582573,1.2274057020920932,1.0
-0.9767262440323595,0.21222875863801363,1.0
-1.3439089881346926,0.13538645789532594,1.0
-0.8717126608249927,-0.36548840596345594,1.0
-0.44781665809563,-0.3067108144956893,1.0
-0.9403119127996101,0.02995532004200884,1.0
-0.44944531762708145,0.1520577696479435,1.0
-0.6664560142452485,0.11126553579117576,1.0
-0.23518855391684687,0.051088769097552326,1.0
-0.4183641685944881,0.6729049351030644,1.0
-1.3242757559005565,0.08753167076866479,1.0
-0.8065761090334536,0.09764819099181288,1.0
-0.7363118259020998,0.06274083680264136,1.0
-0.36871276347723464,-0.08545756738784172,1.0
-1.0720406055336384,0.8609594547980303,1.0
-0.8570698097864039,0.12679016026025985,1.0
-0.8675407509979226,0.11423224786401705,1.0
-1.0154000179715392,0.1114002574460728,1.0
-0.8565847525384787,1.0809108837663683,1.0
-0.9748824203380014,0.29767769652662035,1.0
-0.33611768535605985,0.4312074807832657,1.0
-0.421275186613375,0.5280556213812914,1.0
-0.05872841286297777,-0.007952633629863754,1.0
-0.12257215190061073,-0.30040676889337237,1.0
-0.9681961528500238,0.2716199591112315,1.0
-1.1081037016144177,0.3370989842041478,1.0
0.3365837736171935,-0.7208156065961577,1.0
-0.8325267330311913,0.23276064890871387,1.0
-0.7305918548870013,0.1984498301571232,1.0
-1.018237404818434,0.3555371686209579,1.0
-0.8377644259178115,0.359334620133228,1.0
-0.5251068639864854,-0.08902031152775995,1.0
-0.6927458456051594,-0.060849461123318176,1.0
-0.56880846223635,0.19901075955612596,1.0
-0.2708154188159516,0.682063754159648,1.0
-0.6164793895517459,0.6418779651575038,1.0
-0.7703925795606019,0.5864770722741205,1.0
-0.6515821195638684,0.22838164796719082,1.0
-0.5440301683444486,0.24925071701209636,1.0
-0.9300842128847359,0.042855209780540575,1.0
-1.4269074495266658,-0.8290819627314341,1.0
-1.7916134225153764,-0.5637385692796314,1.0
-0.42493273545994426,0.36323572404582355,1.0
0.5365292506883805,-1.3342534719803993,1.0
0.5016723856117943,-1.4975650776694305,2.0
0.7978003780737667,-1.505547591982496,3.0
0.48073956341361085,-1.4819987484379156,3.0
0.4129929188542269,-1.4684326092103857,2.0
0.36689253188844634,-1.435221477273919,2.0
-0.10303094775655076,-0.7586873697175133,1.0
0.3062181464395068,-1.7761145118993014,2.0
-0.1357320928699645,-0.6097382992436564,1.0
-0.08273192941998049,-0.8730970532214758,1.0
0.17905508526238179,-0.626201423891854,1.0
0.15205030894563065,-0.5683297476366654,1.0
0.18380551095828843,-1.19949808831548,1.0
0.20984561248014585,-0.9537327323242919,1.0
-0.8404728894874575,0.30314627858846593,1.0
-0.7737695499956918,0.06634710569819054,1.0
-0.9221015971781604,-0.6303478945734075,1.0
-0.850213781031162,-0.1239093758562378,1.0
-0.9742128105158947,-1.0628403190101865,1.0
-0.6478409559643934,0.48028755811591356,1.0
-0.7714304364543174,0.3396885435406569,1.0
-0.8162472535957489,-0.5243206680146075,1.0
-1.2281232786105256,0.4927677579447169,1.0
-0.4829556388272659,0.04781311288912741,1.0
-0.5250583836254631,-0.5799222841051277,1.0
-0.8735647485726131,0.4213269035243095,1.0
-1.3707185159896627,0.054507250009175286,1.0
-0.5373605091382189,-0.823058484156679,1.0
-1.0673972193085348,1.3330593585307737,1.0
-0.8149285116178928,0.7211915326433982,1.0
-0.29285182430939477,1.1173610883374034,1.0
-0.37495591975508424,0.7805008927003932,1.0
-0.8456401785682649,-0.06617511784915349,1.0
-0.08388455122770906,0.03978574637560003,1.0
0.4921285472323636,-0.029058097432023634,1.0
-1.380851649704948,1.7066925571075817,1.0
-1.6856472476357114,1.1157443849341289,1.0
0.018396981340006537,-1.958943369130706,2.0
-0.2749743293513636,-1.4482466978960122,2.0
0.08193911716190547,-1.628672558974389,2.0
-0.2749174326141427,-0.959909493467477,1.0
-0.08398886893672976,-1.2261487909698912,1.0
-0.08593230192688951,-1.3033609020241166,1.0
-0.5897890815884869,-0.6565251592162727,1.0
-0.6500686069873187,-0.4315272034011498,1.0
-0.6589172031735497,-0.3637762968567613,1.0
-0.7579055636097389,-0.5063082847006531,1.0
-0.6191077830550636,-0.5595714150175929,1.0
-0.19512661692655967,0.5104936940212167,1.0
-0.9736144006707749,-0.6853651647074447,1.0
2.9387472844033082,-1.0543505608237667,3.0
3.660858332621318,-1.0137159254554753,3.0
-0.12399368279774593,-0.12480145886098602,2.0
2.687124802145633,-0.9534758591014783,2.0
2.4783406015226923,-0.8083713810032572,2.0
2.94812570489342,-0.7736359134557623,2.0
3.758387815754997,-1.1963063800465268,3.0
3.7491744861444802,-1.2003842158919331,3.0
2.5548673507772004,-0.47657875379802456,3.0
3.0796541175199663,-0.942160853786405,3.0
3.4144952367582038,-0.9153495278433581,3.0
-1.4695621994246957,0.4398345167439037,1.0
-1.4608189178153483,0.08809079217006538,1.0
-1.0167823340242514,0.3229953774334836,1.0
-0.8284697164105845,0.21560620305143346,1.0
-0.8948506150795665,0.4348365936547002,1.0
-0.9561204930312928,0.24162452432819764,1.0
3.4423487842852656,2.6860770365002793,2.0
4.183099271607472,0.2158052395718579,2.0
4.275244973872873,0.11927201224423,2.0
2.329799534516332,-0.47530341352297295,2.0
2.4021530483460145,-0.6552929973747701,2.0
0.4991467275358882,-0.8657264236256811,2.0
0.46448041874030116,-1.0487960492476598,2.0
2.34556949084362,-0.502037817763255,2.0
0.13058716214044966,-1.270519442628269,1.0
0.4974752210794963,-0.958246684220009,1.0
-0.4758421922664505,-1.1406145984732918,1.0
0.5666722233173594,-1.158296908502924,2.0
-1.5455514886971178,0.05961833349443018,1.0
-1.4716393093338132,-0.8293410693445283,1.0
-0.7918368233521202,-0.215627407059088,1.0
-0.8820195907506002,-1.2935677462218296,1.0
-1.4323606654464203,-0.6346814603070373,1.0
-1.3857940683168883,-1.2350518151506058,1.0
-0.9284611054948718,-0.8474142101653451,1.0
-0.2891100449110711,-0.9433273431711617,1.0
-0.5881085749048625,-0.6015968531459748,1.0
6.711798514732531,2.850670634976969,3.0
6.382823176289684,3.505219457618397,3.0
-1.5066163772338248,0.4405725458590804,1.0
-1.5811506116376262,0.43474684447656586,1.0
-0.9396146352285621,0.14355414067039057,1.0
-1.3196938543929895,0.3119362370065442,1.0
-1.4627479781103943,0.30825063992669105,1.0
0.8019969095778773,0.3599865576228525,2.0
1.943431585517698,1.0498580093267489,3.0
-1.1132648660228208,-0.18418371468574302,1.0
-0.8136781576192121,0.3292022214022538,1.0
0.6990796647818243,-0.19476389411233327,1.0
-0.9304133313815725,-0.31781551959042187,1.0
0.8292741064917557,0.5534979368354708,1.0
-0.8431522593854445,0.0556594370365101,1.0
3.419230147060895,0.41253364903277384,3.0
4.196329758947865,2.0696370476964803,3.0
0.8223843878054911,-0.8313469174769506,2.0
5.757593050157961,1.1679577476791538,3.0
2.220386517497989,-0.5031127958613135,3.0
3.7162971990584124,0.0002904664216561589,3.0
3.8168111024342872,0.056809201487766324,3.0
3.124779257714685,0.6011468329994873,3.0
1.679712453608019,-1.4965253000126537,2.0
2.6461741497285542,-1.0300184472138914,3.0
-0.824374914971544,-0.032544628944766854,1.0
-0.19331890402406118,-0.290293484253677,1.0
0.3599099717495723,-0.35650694372707015,1.0
1.1862369187088413,-0.5529710931081568,1.0
-0.7342169859125518,0.32193459857885653,1.0
-0.9789668868148022,0.4789387538861985,1.0
-0.8163701095179806,-0.031400701043974896,1.0
-0.09479181383724507,0.4919530688319909,1.0
-0.8731382694145402,0.046460297458349245,1.0
0.6588312893039632,-0.4149603979424842,1.0
1.422111765634082,-0.8162218670164815,2.0
-0.4056367657981854,-0.43276525195566523,1.0
1.7379956058081238,-0.806230214771946,2.0
2.656736517552412,-1.046268689817028,3.0
1.7639153689083296,-1.6517320958907427,2.0
2.2315720586460275,-1.7968410848382819,2.0
0.28156107996839386,-1.2943587537385277,1.0
-0.7855274238030933,0.22220824196478245,1.0
-0.7328577566524391,-0.20929454169572995,1.0
-0.6623217593906492,-0.8849537895448787,2.0
-0.3825497007624285,-0.016677912826456375,1.0
-0.48719465026247233,0.49113075795837363,1.0
-0.34401092862118154,0.47176154972162515,1.0
-0.38219429183888903,0.11626542675430754,1.0
-1.3382240077894003,-0.7358429504769233,1.0
-0.5477395536372828,0.023402227183662968,1.0
-2.1298033705182475,-0.28645603724413266,1.0
-1.3757556534451314,-0.23813432108449714,1.0
-1.4733182359588692,-0.3044906095655955,1.0
-1.7011920204508357,-0.629565964959948,1.0
-1.0527792817843213,1.707801162831144,1.0
-1.0274634186081473,0.9293582897324789,1.0
-0.33878064312466233,1.090836028472637,1.0
-0.8702046163788484,0.82243718053193,1.0
-0.5041581805973749,-0.4274002765786795,1.0
-0.001382659592302531,-1.0339669968228915,2.0
-1.0091569807433645,0.35332939567005206,1.0
0.9623181866864625,1.4957752228486598,1.0
-0.8823901704508104,0.3816199844853193,1.0
-1.0945951240225646,0.17709088476060317,1.0
-1.0785291404229476,0.5693113211979626,1.0
2.232427667318147,-1.3368899904906584,2.0
2.706422728119551,-1.483314665075818,3.0
3.135313860263646,-1.4759083040337422,3.0
2.194715007822992,-1.3259302073742207,3.0
1.4473349630791656,-0.956963615593168,1.0
1.048298976055743,-0.6223689373447558,1.0
1.1804059684359676,-0.6767870612653916,1.0
1.293968870589473,-0.7801047927363118,1.0
-0.2063744648714603,-0.11758942672854145,1.0
-0.033487043125207415,-0.02490514078035848,1.0
0.18464758614104312,-0.5133518510750168,1.0
0.29670545612664,-0.4506632150502751,2.0
0.09587985986952463,-0.7072528288683746,1.0
-0.13049830225144843,-0.29007853481755863,1.0
0.46770844499790903,-0.8927181561835213,2.0
0.46936164574761047,-1.6421323337127476,1.0
1.6741702336659465,-1.2369229750751345,2.0
2.904509515520587,-1.6009023746233433,2.0
1.3751346659416916,-1.2319557207673206,2.0
2.4893126517983837,-1.2701210813342825,3.0
2.9758297349384604,-1.4444035272131377,3.0
4.292129369099586,-1.7488183609271042,3.0
4.22433121663041,-1.7221613066732724,3.0
3.603232326517642,-1.7306643083695616,3.0
2.0525371894891893,-1.305467455337654,2.0
4.256497628475865,-1.523096552469298,3.0
2.983111510035294,-1.6333548265003195,2.0
2.046966570724731,-1.58873942350555,2.0
1.7246485422283113,-1.3610770706752933,2.0
1.6508093863273816,-1.339817156617968,2.0
1.611526192573735,-1.316246592555936,2.0
1.6484829384651214,-0.9836134956642895,2.0
1.9235631531655126,-0.946628847951438,2.0
1.643543285033548,-1.3296431721707391,2.0
2.0813874937034877,-1.0882648930663965,2.0
1.4686477698136278,-1.5686642590615927,2.0
1.1757007983036902,-1.0290055308730295,2.0
-0.3408470763100049,-0.007232755694874792,1.0
-0.370764322033445,-0.11020282525501165,1.0
-0.6214833498672534,0.06457228560877916,1.0
-0.4270836495153696,0.039338354025527135,1.0
-0.2265681791642152,-0.12732468116247314,1.0
-0.5380335717806425,-0.10271984222489815,1.0
-0.5380335717806425,-0.10271984222489815,1.0
-0.5730905136037481,-0.8591646382365312,1.0
-0.3052284280140163,-0.8713842560161883,1.0
-0.32864368193982907,-0.8227671373867225,1.0
0.7503866170348507,-1.3524403207871156,2.0
1.1140271725203938,-1.4069006173405245,2.0
1.5184074169477824,-1.5954423353413352,2.0
1.5184074169477824,-1.5954423353413352,2.0
1.3599000074232293,-1.787652924501609,2.0
1.9431067389687853,-1.8055888331118377,2.0
0.9319106214575452,-1.8078599799909525,2.0
1.0024386677491768,-1.5040371602991398,2.0
-0.4009086382829937,-0.36070996627705376,1.0
-0.7794392537689665,-0.11593881712134488,1.0
0.5707522848866905,-1.8881018764862627,1.0
0.8336344659910485,-2.015372466376855,1.0
0.8336344659910485,-2.015372466376855,2.0
0.031205750872448874,-0.8067961150151705,1.0
1.6675683796154632,-2.3689269555762866,2.0
0.9491003307682886,-1.848400228984623,2.0
0.015173949662549932,-0.8236142883191169,1.0
0.07395255167921325,-0.9886171680374358,1.0
-0.4967799197842009,-0.19781183414695994,1.0
-0.935088276192264,-0.2246147784614919,1.0
-0.5372160656995972,-0.5259753037562307,1.0
-0.48101522934683516,-0.5033005838564962,1.0
1.9794061377588705,-2.2318046704752197,2.0
1.7065998178319237,-2.1379993354582747,1.0
2.164497423158185,-2.3689297228094746,2.0
2.1515808413021182,-2.3662191409520927,2.0
2.4557001076843967,-2.370747427234161,2.0
2.2012925196981197,-2.2861551036935888,2.0
2.410514753807375,-2.5704349947812837,3.0
2.6282184845278405,-2.629395973036253,3.0
2.052083029653236,-2.011760043341017,2.0
1.3486158728512285,-1.9645968504726703,1.0
1.2079425883227652,-1.8925873752028721,1.0
2.1144059067739605,-2.321088205108235,2.0
1.8145969498957901,-2.0870895422147244,1.0
1.4629080392553533,-1.9898902674630425,1.0
2.084481830775291,-2.235478797114984,2.0
0.973829288242005,-1.6250521762328953,1.0
1.2448360746022966,-2.203117007843929,1.0
-1.8732851946342546,0.48479269000290465,1.0
-1.4761302262007736,0.70286477525653,1.0
-1.3765019460285495,0.10481042574976754,1.0
-1.598551864375912,0.3962257021297983,1.0
1.347421637627701,-1.043784617219891,1.0
1.671805209627354,-1.141457161822967,2.0
1.556893280839458,-1.147323413976936,1.0
1.0793032648582943,-0.959199403361827,1.0
1.0483935559498883,-0.8756783163266789,1.0
1.5301833223344268,-1.0390664175850934,2.0
1.2408677021624632,-0.9486296211592856,1.0
-0.35379360972207063,-0.6064818637448058,1.0
-0.6136846887349536,-0.5585156380622706,1.0
-0.6606106778406247,-0.5516336907912395,1.0
-0.5393607542064565,-0.3996400224782788,1.0
-0.5393607542064565,-0.3996400224782788,1.0
-0.37346997402290466,-0.39879036750255614,1.0
-0.4529033859123652,-0.4622431391607974,1.0
-0.38341701924728333,-0.6148785029114219,1.0
0.8627442058959766,-0.8923634410683988,1.0
1.817425054851648,-1.0744524238748656,1.0
0.18335519226247068,-0.84077607564238,1.0
-0.4457852385927697,-0.638671788058377,1.0
-0.7237858130087169,-0.6608484591837794,1.0
-0.6934635357545426,-0.6515950123371352,1.0
-0.5567396394304331,-0.6828994991053716,1.0
-0.7012803022770255,-0.6086134195345898,1.0
0.18601613469378028,-0.8434076919435256,1.0
-0.5821557753161005,-0.5048451087135872,1.0
0.4850963579037975,-1.0610543244689814,1.0
-0.09156600670931085,-0.9035102759331564,1.0
-0.898114353705871,-0.515326240863507,1.0
0.5161942654830095,-1.3138155743248323,1.0
0.3434590495336927,-1.013137356157824,1.0
0.8078255168566809,-1.1952223637448358,1.0
-0.4555038242562245,0.5743010181633112,1.0
-0.32249975074044124,0.19252554336803582,1.0
-0.24517670044451398,-0.11399275134784977,1.0
-0.20524193556315543,-0.3086832404092574,1.0
-0.03090987167077831,-0.3858052942978292,1.0
-0.3183210578995932,-0.5120883566103809,1.0
-0.833915129653949,-0.27936260150891784,1.0
-0.8841057771519505,-0.42147286017927094,1.0
-0.6156840459614273,-0.07400205196413295,1.0
-0.650356929630365,-0.11399057055320917,1.0
-0.9889325596375789,-0.11737923605371249,1.0
-0.7046540386101998,-0.15570952384322853,1.0
-0.8877888689370058,-0.3678403909832768,1.0
-0.9256490699183731,-0.13782828432111582,1.0
-0.5218786354387944,-0.3570442770092081,1.0
0.0946984369855057,-0.6828097412013694,1.0
1.1316914576374417,-0.993405863669758,1.0
0.6974967719867861,-0.8881944852276746,1.0
0.03501089319956382,-0.9663940778766816,1.0
0.3410155710558819,-1.0815420814611547,1.0
0.6707988675032376,-0.8151983138639041,1.0
0.33196746383785175,-0.7188654993657099,1.0
0.23329866903308713,-0.9608574918476804,1.0
0.4309254929234964,-0.6218535678705214,1.0
-0.706370791843121,-0.6954230589041042,1.0
-1.0006885520400917,-0.4864863521868521,1.0
-0.9688189135579186,-0.5719107310628179,1.0
-1.057995384375303,-0.36932986573678667,1.0
-1.0255460335393407,-0.5357360999383949,1.0
-1.1027479109979053,-0.25599510553384125,1.0
-0.9570236055778867,-0.6149691014656326,1.0
-0.9696215755337885,-0.48662727209796186,1.0
-1.3991123570030866,-0.26960958694328524,1.0
-0.9421820754297549,-0.40655066737233236,1.0
-0.8313263161362042,-0.8720470720624806,1.0
-1.090952945190026,-0.5660517788888301,1.0
-1.1665676730994503,-0.262632817168411,1.0
-1.2494087011939243,0.17407393512250163,1.0
-0.9899735296401274,0.09631954235365756,1.0
-1.6414640904311024,0.25963652949206145,1.0
-1.4923928872555827,-0.6101035246521036,1.0
-0.882338178574953,-0.15178033342406924,1.0
-1.1470433338514412,-0.22145084957871353,1.0
-1.415353281848006,-0.37244239984539856,1.0
-0.08956928738045551,0.3950823578687099,1.0
-0.5540482947754605,0.44864075296180633,1.0
-0.9334320089788339,0.8125227546575106,1.0
0.9098327408494061,1.6756409341246592,1.0
1.3204999821836585,1.081579563824235,1.0
-0.2871753721240438,0.7425954656375032,1.0
-0.49606118308994956,0.6730398606000522,1.0
-0.684271738274725,0.2857569708570714,1.0
-0.8868935769562,0.5906111771475602,1.0
1.0033013133400248,1.4489054988425187,1.0
-0.7604316759851443,0.8640672939099253,1.0
-1.3430527948507796,0.7122947371368984,1.0
-1.2181923931402152,1.022175100275473,1.0
-1.111565911816592,0.5887207520848735,1.0
-1.3845681833861312,1.0195555857333412,1.0
-1.4097414548401968,0.9323374203540464,1.0
-1.316139628055521,0.6979167703506042,1.0
-1.4266389645610462,0.4978366139241453,1.0
-1.3339653094596866,0.7878142355066545,1.0
-1.5556492780422602,0.5425061795611373,1.0
-1.1814165998894686,0.9347511315192751,1.0
-1.7239524711301089,0.6270383476481792,1.0
-1.3319452619463903,0.3518387032693954,1.0
-1.2388082012265837,0.20964424370801135,1.0
-1.3418814559546928,0.12205758020905055,1.0
-1.3648834709335413,0.1754661326226554,1.0
0.9057040535952983,-1.0151949888421994,1.0
2.1672683773312866,-1.5038288103591084,2.0
1.1896512525326826,-1.6134523071841733,2.0
0.14562400605652245,-0.6919326190988715,1.0
-0.198963341384741,-0.9290929383554687,1.0
3.2935973416892743,2.147655238116821,3.0
-0.29851853355547137,-0.6964919387286799,1.0
-1.0341187810974233,-0.3510773053161647,1.0
-1.3836948441752568,0.2523874769683394,1.0
-0.40730730436733276,-0.3631111038230609,1.0
-0.9018709337299057,-0.6122879132820029,1.0
-1.2619445354440402,-0.1104725679047435,1.0
-0.8602121887970909,-0.5812822732882215,1.0
-1.568373818254544,1.3052039827918185,1.0
-0.9732733437330717,0.7677589582678965,1.0
-1.2799583134543122,0.21015574561572217,1.0
-1.3103130229382611,-0.07623017985893056,1.0
-1.156920034063824,0.14049533384939394,1.0
-0.9870529060920211,0.20464303415508792,1.0
-1.2115486049685726,0.15362585558584804,1.0
-1.1915265648742712,0.5196082882756343,1.0
-0.9620783221786503,0.6128028985154177,1.0
-1.109101696566754,-0.4310774874474129,1.0
-0.9166320694489883,0.10083753301320678,1.0
-0.5064001865819914,-0.033718933378866375,1.0
-1.4915341855391115,0.8593786868154526,1.0
-1.3259089680335991,0.24982551397827935,1.0
-1.2466796917192633,0.2111576360785207,1.0
-1.2422214601208073,0.06546834662052335,1.0
-1.1501166232994633,-0.6865492839279621,1.0
-0.5579512408966274,-0.8524223750439793,1.0
-0.1350791479795764,-0.48068301165639915,1.0
-0.8368819409297364,0.62845414737483,1.0
-0.9579662649208426,0.7700515279667788,1.0
-0.572973496686602,0.8885079039573003,1.0
-0.6347729928734083,0.33352357322886345,1.0
-0.32950434584341937,0.2779791227311403,1.0
-1.0560780933396836,-0.06945693060707368,1.0
-0.9289550657185807,-0.296556875217674,1.0
0.8545892593964531,1.23423702092526,1.0
1.1635910421584108,1.106590321865993,1.0
-1.1635902887096687,0.7317803571940766,1.0
-1.1860175743231873,0.2926464538542162,1.0
-1.0008064988579128,0.3157932309303794,1.0
-0.8990983730168595,0.40290740487058063,1.0
-1.08568285893369,0.1622385443720405,1.0
-1.3967720794148186,0.9524936313012857,1.0
-1.5430748840150104,0.759248055468181,1.0
-1.8446813377432616,0.9826601172310344,1.0
-1.701264848117536,0.3096909291825944,1.0
-1.9038779950910838,0.9330205637035834,1.0
-1.4256629988566816,0.40850786902881403,1.0
-1.3890446612244773,0.47152486755445905,1.0
-1.8048789195209733,0.540331752369445,1.0
-1.7454039940051693,0.6774978798391236,1.0
-1.1111866578226461,0.46828709815584596,1.0
-0.8343795615680587,0.34941910985743785,1.0
-1.0549237965512757,1.0940015805054395,1.0
-1.5015528458032832,0.9479337770975159,1.0
-1.1942815132875138,0.917302593511785,1.0
-2.359122195845191,1.6361769040831484,1.0
-2.0326171618967597,1.5121198621247205,1.0
-2.369835538079066,1.1608269091480685,1.0
-1.9930430678848454,0.8541495291819419,1.0
-2.1407233119196936,1.1035787840774791,1.0
-1.904214100008759,0.7024075497727001,1.0
-0.8243353316896868,1.0302930391866132,1.0
-0.7446273030504281,1.1130329953655322,1.0
-0.42776956648359454,1.0456425322299998,1.0
-0.786367523816673,0.9303615928315168,1.0
-0.34859439793807684,0.9585818909186047,1.0
-1.2284630328449662,0.19030591955456017,1.0
-0.9104262083950406,-0.05025356164423317,1.0
-0.7793862023049086,0.05506385392793159,1.0
-1.0681806698652268,-0.17380069109961885,1.0
-1.1167995538257187,0.4934886081142139,1.0
-1.0543147037893574,0.32836456340286,1.0
-0.9380960654165876,-0.2924042395705373,1.0
-0.6179689017573894,-0.31529162245399056,1.0
-0.7976192704185924,-0.27089479812304523,1.0
-1.3281549393894567,0.28549270176348146,1.0
-1.2935764873021127,0.19732213294343004,1.0
-1.562429585181943,0.9577759380568427,1.0
-1.014474539800985,0.09224337854550048,1.0
-1.6409560735671633,1.220747006941056,1.0
-1.4497388688418582,0.4973903821821421,1.0
-1.5529941588902252,0.5253927422420508,1.0
-1.3714226986220275,0.16107941345385823,1.0
-1.6584344581859194,0.7680957438530668,1.0
-1.5332865406600342,0.5133006993822804,1.0
-1.177260982370731,0.5499772633656667,1.0
-0.8923561598559165,0.5511200410668959,1.0
-1.5289736657715243,1.9991482115608776,1.0
-1.4036705308841977,1.177037912505857,1.0
-1.185687344987895,0.6418307180036681,1.0
-1.1568095381594592,0.3843316249799784,1.0
-0.2379948266990756,0.6652011118165646,1.0
-0.533380812736109,0.28670293154959164,1.0
-0.2734122788470449,0.19582039524585326,1.0
-0.2271415925750381,0.06588965370458795,1.0
-0.3982817778617248,-0.05893269022123743,1.0
-0.5150330051901939,0.09018214298850183,1.0
-0.567033635149064,-0.020775194611360577,1.0
-0.35659366752448407,0.006347990063539833,1.0
-0.48336134912679196,0.07382521967555754,1.0
-0.5591028197021579,-0.02407345548911067,1.0
-0.9861119447306519,0.40571123240143264,1.0
-0.9540922580171974,0.3071396692367016,1.0
-1.3226920060990055,0.7382810279132471,1.0
-1.0199464465434904,0.35278544072443624,1.0
-1.4360936201832908,0.6046544225975146,1.0
-1.46135776470716,0.6063752899465346,1.0
-1.2978338209124456,0.6412748403322545,1.0
-1.1522565205588928,0.5353083223075542,1.0
-1.7805190275838676,0.6664272637100798,1.0
-1.1490137842746577,0.35686488851848186,1.0
-1.3378471321110688,0.902382078603455,1.0
-1.0553056850642701,0.6344943176246133,1.0
-1.277864754822475,1.0599120957256911,1.0
-1.272807344601385,0.7301411204902274,1.0
-0.9112642062991135,1.6449559249611845,1.0
-0.8928131288159081,1.4230449245615644,1.0
-1.1836920372597586,0.24557367113901304,1.0
-1.0469747668018463,0.4873483055207622,1.0
-0.894609724678615,0.7435364918594944,1.0
-1.072527240230308,0.4854944977445512,1.0
-2.079993578087347,0.5611157079964374,1.0
-1.9452425473529997,0.5400927407242813,1.0
-2.0264583313514923,0.170964041974539,1.0
-2.099017182008904,-1.0243083608921035,1.0
-0.974634439084393,1.1133507746070541,1.0
-0.9750890112256434,0.7583281282464449,1.0
-0.9870212844352495,0.026570123046082153,1.0
-0.6222137876926902,-0.45822737854408574,1.0
-1.103453496339065,0.9027140272157652,1.0
-1.3848503486620147,0.7780910565441616,1.0
-1.3100622997907738,0.40079674875906507,1.0
-0.6216210997296663,1.0401263247562538,1.0
-1.4904098378930415,0.5501166931417508,1.0
-0.3722209601110228,-0.4143431456363465,1.0
-1.192132055034117,0.30779080228456185,1.0
-0.6797711548626595,0.9647983054228766,1.0
-0.81720469954338,-0.46625616038811935,1.0
-1.178657773416713,-0.4985401970012491,1.0
-1.232735608837887,-0.47482459784636155,1.0
-1.1864090828123266,0.8258818709512181,1.0
-1.2347469642893552,0.6436306433407367,1.0
-1.0110448782345114,0.31566103937979995,1.0
-1.5215914085228353,1.473804605782841,1.0
-1.5366019077883428,1.0493241539135332,1.0
-1.1391689649023002,0.7049118751193484,1.0
-0.9528279876636448,0.45911938376863287,1.0
-1.7523187577210309,0.970031028351529,1.0
-1.159122554467112,0.7182963743568738,1.0
-1.5365487293546243,2.5297285608552817,1.0
-1.6608799494304596,1.889871453820153,1.0
-1.5227737570888875,2.1994623852450523,1.0
-1.6254920976956349,1.6436826189986262,1.0
-1.2696303715922843,0.5999495092426191,1.0
-1.2528952756488207,0.5501725977500562,1.0
-1.43530517031472,0.7983107971622972,1.0
-1.2613735246823514,0.5461878795631675,1.0
-1.157002223650828,1.0852267659547472,1.0
-1.0076227876984185,0.4924128281437313,1.0
-1.215878671457225,1.6460328644352364,1.0
-1.2192855014818416,0.3018952468748898,1.0
-1.222636570249517,1.0482999910353172,1.0
-1.005626278715727,0.35981492919628716,1.0
-0.8062094942493451,0.8753369125335583,1.0
-0.7860482036007734,0.6712897051230292,1.0
-1.3241726452001608,0.9782801447598799,1.0
-1.0802050087895292,0.7780642277292179,1.0
-0.8511598335324934,0.9632757520267633,1.0
-0.8812174206815502,0.9429329689935531,1.0
-0.8812174206815502,0.9429329689935531,1.0
-0.8812174206815502,0.9429329689935531,1.0
-0.8812174206815502,0.9429329689935531,1.0
-1.0395431349105513,0.7148406016080804,1.0
-1.0029827938393077,0.6772670323217964,1.0
-1.8029664061164328,1.0871223071690284,1.0
-1.497384703939873,1.0170286675262277,1.0
-0.9985939970272465,0.9416385860475781,1.0
-0.9796643120464887,0.7078123165037684,1.0
-1.5229190288346992,0.9973176390356279,1.0
-1.1134454359391208,0.9802424829664809,1.0
-1.4886669139897473,0.8927987788923814,1.0
-1.1804279312942605,0.5769628332008045,1.0
-1.2650951514846083,0.6194180034126913,1.0
-0.8075015867194919,0.5077960959926162,1.0
-1.59567504028693,1.2917406277012178,1.0
-1.565114861977168,1.0326641614447283,1.0
-1.5271802198720401,1.258831368961301,1.0
-1.6978530620149,1.0653000615210682,1.0
-0.6548652211965557,1.5412981947559694,1.0
-1.1135839810756174,1.2622212775947907,1.0
-1.4269508725306992,0.9828223712367776,1.0
-1.6360166620910022,0.6983901908953082,1.0
-1.5972453954751153,0.8397024505945333,1.0
-1.1965462439356451,0.6504949856808548,1.0
-1.142115940874807,0.6792727725074945,1.0
-1.2025948445460832,0.8350863762514467,1.0
-1.1632027134402112,0.7946592632257196,1.0
-1.1564338534873102,0.7904241371983028,1.0
-1.693893129975587,1.4246668569988903,1.0
-1.5787004677959648,1.2470026671849601,1.0
-1.4149212162339222,0.9965817328029812,1.0
-1.1183709408582165,1.137440646896216,1.0
-1.2747035791912262,1.2459182928771817,1.0
-1.1746166809175862,0.9903843455784319,1.0
-0.9985619530081332,0.7765007154531489,1.0
-1.4034799662854394,0.6126518663518142,1.0
-1.1522481035515486,1.483836681601993,1.0
-1.1296067341128926,0.7457077785334963,1.0
-0.9528086661301646,1.7776720553763934,1.0
-1.129883445033079,1.7728728696326261,1.0
-1.0303104604585436,1.748399912950991,1.0
-0.979289723875,1.718960866744455,1.0
-1.3855345413134,1.1365584677440568,1.0
-1.1617693918599288,0.5905683142308401,1.0
-0.013168247474732378,1.250343268470049,1.0
-2.02198838422591,0.38651175475995286,1.0
-2.995003245396863,1.1946156202775506,1.0
-2.60183786591652,0.025368587543740596,1.0
-2.401769553462116,-0.23520500937077335,1.0
-2.9058768824829064,0.04835594887202533,1.0
-2.2741351454867695,-0.1308217739652451,1.0
-1.619466456527754,1.2392206359519475,1.0
-1.7556524775033424,0.8634927916448684,1.0
-1.1252969144285827,-0.08085277704797521,1.0
-0.798538894842955,-0.1784709876051145,1.0
-1.6143729013009267,0.6290500915613785,1.0
-1.4686333603256223,0.6066172946463986,1.0
-1.2951152053662263,-0.03696601479585297,1.0
-1.3544291313483707,0.71979946320586,1.0
-1.3643484286638843,0.44826293454543226,1.0
-1.0890098215099644,0.5724549577281863,1.0
-1.094959587060603,0.5236684651350116,1.0
-1.049032133117081,0.4708713310305019,1.0
-1.4635650046642799,0.7968703996630161,1.0
-1.4677855642795743,0.5032282475312294,1.0
-1.9586116757510517,1.3628554795210657,1.0
-1.260240344637512,0.6567227009607749,1.0
-1.2618265077268933,0.657382353136325,1.0
-1.3848371646327022,0.561809150548587,1.0
-0.9361978554190008,0.3337395153526218,1.0
-0.7209468249876573,0.6215207776105612,1.0
-0.3792499030973643,0.4272881420560218,1.0
-0.950811338560673,0.3078810874385097,1.0
-0.6606433437905831,0.3987076735264029,1.0
-0.5059464679372659,0.5677141784616145,1.0
-0.5859954247449465,-0.055442646473629634,1.0
-0.5807604566998037,-0.34789713507553477,1.0
-0.8996290213135006,-0.03647931462547108,1.0
-0.4013553470016719,-0.21235458145175387,1.0
-0.8254417462974711,0.0114335650676363,1.0
-1.473363672347692,-0.9002340014690988,1.0
-1.1730007634595938,1.2234222455406247,1.0
-1.1066333778180806,0.1039435288889998,1.0
-0.3997033252958182,-0.2985205659419701,1.0
-0.1466357634340494,-0.6669429394381553,1.0
-0.5335750020579868,-0.2624744327006147,1.0
-0.7665807827813933,-0.4932364797858909,1.0
-0.567360678088413,-0.655364507530805,1.0
-0.1615710486101713,-0.7079504969027699,1.0
-1.261904713882172,-0.7924229899679721,1.0
-1.0554770345844997,-0.9500232886965734,1.0
1.0715654197991369,-1.6069823050718905,2.0
-0.993242556356953,0.029594277636948923,1.0
-0.8940685928566443,-0.2447767233091823,1.0
-0.887343189950158,-0.262945983692017,1.0
-0.5436357723588104,-0.8642836290274387,1.0
0.35714857274829165,-0.913394268668079,1.0
0.9557765255221717,-1.0598201702663117,2.0
1.155260112828858,-1.059759767388728,2.0
1.457424696874155,-1.2108968773246602,2.0
1.0769661165855566,-1.0445566457034596,2.0
0.6932373549619781,-0.913953306941953,2.0
0.3840234379609385,-1.040879390300399,1.0
0.4145412104727075,-0.9161541577113692,1.0
-0.3486973957756119,-0.5446149768217492,1.0
-0.10688465777513224,-0.28926296181422567,1.0
-0.7856314275869954,-0.3281540223084267,1.0
-0.6198037782517022,-0.1941883264498226,1.0
-0.9794932152492084,0.21243894274779584,1.0
-0.6042456205862922,0.15409141514379432,1.0
-0.5922715221249791,0.19307004409032918,1.0
-0.4421936156728853,-0.28152141175402134,1.0
0.16265074151918293,-0.06600806157592999,1.0
0.34155672003661774,-0.2891946205368182,1.0
-0.9838450945530371,0.21619525095493755,1.0
-0.17972994312362073,-0.1365442538419293,1.0
-0.9444848844070852,0.4157103800783068,1.0
-0.8087994050447599,0.49794536628147823,1.0
-1.1265424378037638,0.5102721407260818,1.0
-1.0767349653360783,0.3081215170656592,1.0
-1.153899189050697,0.962468052881123,1.0
-0.940873996182148,0.8928433759644478,1.0
-0.9097210074361282,0.6791809375824176,1.0
-0.5476240790660526,0.40319311688165543,1.0
-1.4688470716971087,1.0797019859663781,1.0
-1.9190145047116036,1.3014798586182823,1.0
-1.9525665690044531,0.9576769742122204,1.0
-1.7656204743423314,1.7340775583422974,1.0
-1.4592110456711578,0.8967345137294407,1.0
-1.1535467290814516,1.773954353910876,1.0
-1.152323428471317,1.3899143112532366,1.0
-1.2963901092206849,1.888855557251354,1.0
-0.8174648802467364,1.0738018842729835,1.0
-1.3965879510576311,2.7373504835996085,1.0
-1.6432570029263724,2.561208544744302,1.0
-1.3067527143227053,1.9766874434456003,1.0
-1.4102298488919907,1.706745013422896,1.0
-0.9979678891729492,1.3692840770728845,1.0
-0.8278245723291028,0.9863742109376538,1.0
-1.1359154045322029,0.9813487354634967,1.0
-1.1301986857404913,0.8921805450286853,1.0
-0.6824427241851859,1.0006565512922594,1.0
-1.6671794737683356,0.8496099305227662,1.0
-1.4071066820076457,0.7491272610277689,1.0
-0.8679374075995175,0.811788858055979,1.0
-0.14489171050176028,0.6069796079365442,1.0
-1.6440809768257,1.0357999453624998,1.0
-1.1927672951221513,0.8620084943276914,1.0
-0.8266088988108794,1.0630406125007648,1.0
-1.4417313560123444,1.2759314819110805,1.0
-1.7181615450472039,1.3500796421588994,1.0
-0.9389225558777547,0.37953283790209896,1.0
-1.3584740982294388,1.3037571453965848,1.0
-1.1784011005839117,0.3437088817929255,1.0
-1.354620285588683,0.9209746281993317,1.0
-1.3054294326157299,0.3723599893625915,1.0
-1.4591617292357186,0.8391788564371271,1.0
-1.4437643229446169,0.8328089455730184,1.0
-1.7828467624486772,1.7753919849661202,1.0
-1.6628397273656377,1.5137152607658737,1.0
-1.6353409647592725,1.8350695290336663,1.0
-1.3522427215275812,1.3339902598325168,1.0
-1.6598183496654673,2.3551048877317147,1.0
-1.2693269725841378,1.2607227988780176,1.0
0.21590604116170017,2.8604038897695627,1.0
-1.0989210512569112,1.6675829557920863,1.0
-1.6805744070746176,2.3977249875397058,1.0
-1.4214316650212062,1.5721375086993223,1.0
-1.731683313668252,1.8192447574467596,1.0
-1.2628863418438696,1.4706122818951284,1.0
-1.8702814639682541,1.4567469001599203,1.0
-1.0760672951848453,1.0042923449783097,1.0
-1.3741654431156904,0.9541378759397369,1.0
-1.3616158335101263,0.6406059892802899,1.0
-0.10497036992248653,2.2999348499640386,1.0
0.5081251708950187,1.9488600949748849,1.0
-2.502660971991885,1.4059304827837613,1.0
-1.6031294130214666,1.3561920836595158,1.0
-2.291229535839214,1.2450828566651566,1.0
-1.960809222305991,1.4578372748424817,1.0
-0.03898640134089944,1.2562170146484817,1.0
0.21294383922884427,0.8996798883441425,1.0
-0.13030020898581882,1.2684193639978785,1.0
0.6104708749035436,1.284566823271182,1.0
-0.020128243424674824,1.219193634262127,1.0
-2.2510442270848907,0.06950656177289234,1.0
0.2384982947896511,0.9456818417381766,1.0
0.49191004841636066,0.8925051733018883,1.0
-1.4503493971078756,-0.2146295085032075,1.0
-1.2318564836219676,-0.6015528975300405,1.0
-1.3036653491577166,-0.6362988697420187,1.0
-1.3250331736451204,-0.6157246131660757,1.0
-1.114083202001454,-0.24839748742476522,1.0
-0.6595879614975628,-0.4353258125700314,1.0
-1.18936250976583,0.3600431445248022,1.0
-0.6651066233926399,-0.020355864964034718,1.0
0.17027007333369168,2.0805078824328964,1.0
-1.8004383637527386,0.7481269466224736,1.0
-1.8252059310424236,0.8733654909793164,1.0
0.07961448912130273,1.986505673410545,1.0
-1.6479436058810966,0.9943589654204351,1.0
-1.3525110326619665,0.8749689701820424,1.0
-1.36592554312294,0.5624027302608716,1.0
-1.227760211057281,0.39548967609623215,1.0
-1.0245811702873517,0.93894214440717,1.0
0.37832440103099985,2.2428269948675306,1.0
0.4984053481702569,1.7529485525319237,1.0
0.27791091380297633,1.7787582077691184,1.0
0.7495897247515784,0.7967054761602758,1.0
0.32033707136463185,1.3690641463439734,1.0
0.5670458784795005,0.9808588079609751,1.0
0.36485068258729114,1.3383006493044598,1.0
0.8109164483165276,1.3299382541127154,1.0
-1.4144025589044722,0.9672311027208144,1.0
-1.363200430964552,0.6678180502989589,1.0
-1.45608893448277,0.8000515198524598,1.0
-1.2855202663968595,0.575582268178448,1.0
-1.119357306541278,0.3590584612249308,1.0
-0.98945781087736,0.23149181935107105,1.0
0.27230234425480976,1.9823340195288093,1.0
1.235782431622421,2.0852592550817612,1.0
0.288940428009324,1.8173876913754174,1.0
0.8305320858885051,0.6544268969133359,1.0
0.4875003556947156,1.415341783459438,1.0
0.7144255450684814,1.3888398516912355,1.0
0.2833496353140852,1.2005181945832741,1.0
-1.2486904750884376,0.6090533108001164,1.0
-1.471821506453359,0.8790733095067048,1.0
-1.306803368728589,0.5790748725536561,1.0
0.34943004102955233,1.1795627502837873,1.0
-1.3080679396586377,0.22846517709839734,1.0
4.980421819991533,2.118575837932315,2.0
5.55231760867488,1.7228505163355234,3.0
5.679069701095144,2.1720802698779056,3.0
6.523038843475847,2.729029357825326,3.0
6.268218987156216,3.3772143050696357,3.0
-1.5654756064834585,0.48905737390982656,1.0
-1.0186758088179766,0.7757595072289875,1.0
-1.5097399419223207,0.17133495585596215,1.0
-1.0626048475292158,-0.24706435349681785,1.0
-1.1421575399952333,0.6208161136413963,1.0
-1.3423275726833184,0.14595194517374416,1.0
-1.4626888812764711,1.731315876490321,1.0
-1.4265628956487153,0.7932578489076871,1.0
-1.6248974154491385,1.5414338181851928,1.0
-1.360063102233998,-0.07456920521311156,1.0
-1.558572005019764,0.8702823535752635,1.0
-1.543787570636858,0.6827734527018984,1.0
-1.4833396287568443,0.42627169668795073,1.0
-1.2825524178403538,-0.41434814549734816,1.0
-1.5816054025224797,-0.3923494815205011,1.0
-1.1432638400262958,-0.23273534396810674,1.0
-1.4419237572007093,-0.28391960067804956,1.0
-1.2774310181728081,-0.4340725845045581,1.0
-0.9947647525825644,-0.44346421568170974,1.0
-1.0509605313757626,-0.5929725692442306,1.0
-0.2979005153033184,-0.7370377713181951,2.0
-0.20506955458705617,-1.0225453040844636,2.0
-1.300638664312838,0.8429265082716063,1.0
-1.795967611364117,1.5037230591864579,1.0
-1.2092386294607442,0.9653240793705522,1.0
-2.2141969872741862,2.134376070046714,1.0
-1.4964200796787681,1.2125612934017442,1.0
-1.2126391989464702,1.8356944275185783,1.0
-1.251742168685807,1.616148038419235,1.0
0.2248753364880576,2.0477925319304333,1.0
1.1192722205350019,2.157490560135146,2.0
1.1192722205350019,2.157490560135146,1.0
0.2632146315544384,2.059269905345324,1.0
-0.897098179613463,1.41534418391919,1.0
-1.6186714326185283,1.1038590761695437,1.0
-0.9670528521457536,1.2836912434483894,1.0
-1.440718048568408,0.507685340656983,1.0
-1.5597400610535443,0.21450300528897473,1.0
-1.2590021245067886,0.37746552372576775,1.0
-1.3790778636503578,-0.11196716984340985,1.0
-0.33344251223073357,-0.8853771940759818,2.0
-0.12511894945514318,-1.0182022706154021,1.0
-0.2816223871737714,-1.3873310393297889,2.0
-0.008839920627011204,-1.3937212160007926,1.0
0.19512775933672002,-1.7034804359936344,2.0
0.2925806535115544,-1.807552139831838,2.0
-0.17655741327401683,-0.8695093246652286,1.0
-0.022752007033898396,-0.26695214755338803,1.0
0.23414399565622818,-0.5093704472067528,1.0
0.7239062662121041,-0.7117959204457169,1.0
-0.2786104051649091,0.6869946679702599,1.0
-0.3189957840136312,0.9829208363392672,1.0
0.1588381625173176,-2.030555966889553,2.0
-0.2470416468400479,-1.7778042675284051,2.0
-0.06951762803414814,-1.3536301345817938,2.0
-0.195452137535772,-1.3104798736165313,2.0
-0.682055433430161,-0.3954275419197652,1.0
-0.49459606382897214,-0.7593116668658585,1.0
-0.5162626870961629,-0.4439372580605923,1.0
-0.37914579738120185,-0.8854666090662929,1.0
-0.4184345454675561,-0.8181128908923265,1.0
-0.20670651730464454,-1.229430335928597,1.0
-0.5941956977488886,-1.2467733371153555,2.0
-0.47994192710090056,-1.4629349568241412,2.0
-1.2164803964896425,0.7274956390571543,1.0
-0.9625895999046964,-0.09763547650287845,1.0
-0.9840985531720444,0.2193909496405526,1.0
-0.8629328958518719,-0.7990545425419621,1.0
-1.379528556376067,0.5434713820029735,1.0
-0.9044636159397302,-0.08343879264326559,1.0
-1.4203857771955506,0.23236384056166554,1.0
-0.7637695080845208,-1.0083652299610217,1.0
-1.123953029338117,-0.10018769646888369,1.0
-1.1018708176937282,-0.36935594575147174,1.0
-1.1453205244300857,-0.4820189912667515,1.0
-0.6864956901004079,-1.086533364411354,1.0
-1.3288955969587497,-0.34071759126440887,1.0
-0.8241499666465569,-0.9444956443627825,1.0
-1.1764997815315028,-0.94006267378589,1.0
-1.2065290238632598,-1.1914291225429807,2.0
-1.212448589920854,-0.8439259308719541,1.0
-1.1644363243450695,-1.3702051312690304,2.0
-1.4308910986825618,0.7813636823085227,1.0
-1.3846965036429442,0.19188331359272146,1.0
-1.3525745496909785,0.6232202386090889,1.0
-0.9752883067613104,-0.47959051260147983,1.0
-1.1580865388359907,0.13564422608237742,1.0
-1.2316290676817558,-0.45914611236634356,1.0
-1.262848147178144,0.1999323983953552,1.0
-0.7175701613758315,-0.444121537093491,1.0
-1.0392308382382984,0.37762718445927496,1.0
-1.1058561305002006,0.055774810169273686,1.0
0.35656991431572393,-0.5709406545264288,1.0
-0.3072153350597674,-0.6097131557398565,1.0
0.48098137737010144,-1.4898870154546808,1.0
0.859298277004909,-2.0924928951245687,2.0
0.6991455538294288,-1.4401490343557786,1.0
0.7283024754629007,-1.690479551245033,1.0
0.2686322683542042,-1.017435307669559,1.0
-1.266989369270699,-0.3911016092559246,1.0
-0.6489545301803897,-0.5725815577619406,1.0
-0.5549499811879723,-1.1752288716750474,1.0
-0.7927728089581415,-0.8739918131603979,1.0
-0.19948946972699047,-1.824918838129954,2.0
-0.9235598352968596,-0.8537225968457748,1.0
-0.43870690238451865,-1.683134703204227,2.0
-0.06474576334446407,-0.9818200456043412,1.0
-0.5533776224751736,-0.8509837666124347,1.0
-0.5533776224751736,-0.8509837666124347,1.0
1.0206528316949492,-1.9637693258447815,1.0
-0.5659022436475437,-1.14198879345959,1.0
1.38642234139908,-2.1679203480863927,1.0
1.5371601687804595,-2.228888405850042,2.0
1.351705803574859,-2.1780401360984145,1.0
1.3214666277858613,-2.1969996482360865,2.0
1.1654464058582226,-2.229003328699777,1.0
1.0508100821771422,-2.109050106921371,1.0
-1.1635998930161928,-0.22311071716587044,1.0
-1.4709086200686403,-0.21851639259640868,1.0
-0.979467368519523,-0.7511332907308848,1.0
-0.20927473765461846,-1.5184630355301096,2.0
-1.012812745214303,-1.2089228697066523,1.0
-0.9357365373472184,-0.9816401111083736,1.0
-1.1791458439524476,-1.6817238177373626,2.0
-0.9668160643127148,-1.663296034136719,2.0
-1.773755272241368,-1.174843064422142,2.0
-1.5649111667071038,-1.2846667427817369,2.0
-1.9990720723387199,-0.6655072860075518,1.0
-2.4342343787707335,-0.3971344963505566,1.0
-1.8174799233623862,-0.5628095702327391,1.0
-1.4097836164295403,-1.2914363328460319,1.0
-1.26409280384848,0.08513659164475743,1.0
-0.6974966181796688,-0.1416755358567592,1.0
-0.3430370954830104,-0.3184652968596618,1.0
-1.4702746320924545,1.23311216532137,1.0
-1.6112947446194645,1.0640462616959336,1.0
0.8333311393099928,2.3379123188066,1.0
0.31121552751340814,1.5310385143366891,1.0
4.63712054125126,2.463562314568226,1.0
4.885535091112797,2.547473241217879,3.0
2.2696291711874585,1.9918702141852314,2.0
2.1212034915132776,2.6611129357850434,3.0
0.18291194828115215,1.6406269481559295,3.0
-0.8270071153365653,0.24155936847542814,1.0
-1.873720148232335,0.39876889985566055,1.0
-0.8573546553335887,0.08260305348750874,1.0
-1.979570710133065,0.5812562643293457,1.0
-2.2471001393014887,0.18615072773763955,1.0
0.7237895194537901,0.9262029705037813,1.0
-1.0150438697965902,0.5166498288591254,1.0
-2.214370539576089,0.048174600874492636,1.0
-1.8356214080631408,-0.3867128486406373,1.0
-0.9516151486118372,0.3940989128181311,1.0
0.7388177593126282,-0.5526984680889944,1.0
-1.4998833774840001,0.8051722079136546,1.0
-1.2839386915903055,0.6298121668117087,1.0
-0.1528001893372946,-0.19263110718039206,1.0
1.1822273406739345,-1.0345871102405226,1.0
-1.5099361596421974,0.44420049256443467,1.0
-0.06893264440478467,-0.4741372338354748,1.0
1.0148389323204676,-1.0480375160097504,1.0
-1.4110581962706394,0.3887414955893495,1.0
-1.1558429817094287,0.30152946374033135,1.0
-1.1089553238378045,0.1092340639997389,1.0
-0.977095588237978,0.029338237792456884,1.0
-0.7526989236476689,0.09953481568720779,1.0
-0.7450326740179474,0.05241065611727102,1.0
-0.5689297108717575,-0.24319451947166795,1.0
0.2135081606293652,-0.6690523929532052,1.0
-1.6171110405662612,0.3304659662622536,1.0
-1.4391570148125383,0.4462263287750141,1.0
-1.1543790141835761,0.3723724047103452,1.0
-0.8090288499740124,0.20792784578900878,1.0
-1.5795984266082528,0.02947993895745992,1.0
-1.1406181397375006,0.16258998771555144,1.0
-1.1216845937020083,0.11500956000504182,1.0
-0.6479071814132531,-0.17277660906966397,1.0
-0.22931411421231343,-0.9648308699376296,2.0
0.7473097235708436,-1.270204513170912,2.0
-0.5006300206740387,-0.39486763705216116,1.0
-0.9276711383966777,-0.2594654185545937,1.0
-0.970414882760643,-0.17956570187585452,1.0
-0.9336766998365983,-0.08076779819510567,1.0
-0.7854364641909081,-0.2091904385193447,1.0
-0.8809293498780921,-0.1869125411112732,1.0
-0.20601895664008882,-0.7844910340096277,1.0
-0.7338726260049279,-0.24396902582822957,1.0
0.3324846469911759,-1.0943818913858774,1.0
0.532295116420015,-1.2211725970726846,1.0
-1.17944621448061,0.8718896263307533,1.0
-0.955965450008504,-0.13828259428315517,1.0
-1.0802351691452707,0.6716175680021643,1.0
-0.6780400720636038,-0.70935881243512,1.0
-0.4264392596327535,-0.8604372937347565,1.0
0.19939804400961506,-0.5767020196722776,1.0
0.53115664222706,-0.25732239951538716,1.0
1.4018263349035032,-1.7641961071744645,2.0
2.4255981406412412,-2.0387408110829917,2.0
1.050879792549779,-1.672003614818329,2.0
0.8727399231403082,-1.6246948274431003,2.0
0.0776070179869486,-1.425384524094575,1.0
0.6210912591625011,-1.623240102816147,1.0
-0.44474845988777534,-1.3941968122239679,1.0
-0.7077413495472619,-1.1857595770593208,1.0
-0.19223916836383564,-1.4657228422588187,1.0
-1.558568984351371,-0.27121194556232664,1.0
-1.3997638119200768,-0.4473157143538546,1.0
-1.8426605558223987,0.1933739005423851,1.0
-1.3349969064185285,-0.43933105668693967,1.0
-1.3029768730871758,-0.8127594598272851,1.0
-0.9236318334710575,-0.611950085121326,1.0
-1.0723428201294716,-0.6554674390866466,1.0
-1.0515340635888846,-0.8965341029171491,1.0
-1.2765789838659416,-0.627994627666826,1.0
-0.8464736928930653,-0.5371919872970903,1.0
-0.9886372270719263,-1.2729043000398719,1.0
-0.6587591019393264,-1.5924076998445726,1.0
-2.0207525254829535,1.1566850434226503,1.0
-2.382690134766998,-0.34216384861234606,1.0
-0.6404389122987321,1.1866429158991953,1.0
-0.33744315781579665,1.2160166570681543,1.0
-1.5481374563710668,0.8992163580081692,1.0
1.3947984280993837,2.2892565079485183,1.0
-1.3115768813602897,0.10768054971724622,1.0
-1.303579811391758,0.5599648776754056,1.0
-0.9272073913949185,-0.39832438123622316,1.0
-0.8482341681153934,-0.21144793928355662,1.0
-1.1540503409114924,0.04389270010648543,1.0
-0.7199664567359502,-0.10197471364601753,1.0
-1.33691148055225,0.6484024150200001,1.0
-1.2755955238370003,-0.004760733309831287,1.0
-1.2349698389433508,0.5294455384178898,1.0
-0.8774234962576074,0.6638789203387893,1.0
-1.2703767924634193,0.20388467874041086,1.0
-0.5556503089243036,-0.25628173034756335,1.0
-1.2472126756058195,0.005810272670197738,1.0
-1.1336255253391787,0.6611131286555265,1.0
-0.5440790126571389,0.11857234623074761,1.0
-0.2921990648297435,0.06447166959913364,1.0
-0.46905711000496997,0.15642016614209522,1.0
-0.34266689510728743,0.04426804276665979,1.0
-0.8386538355528951,0.9555246392235844,1.0
-0.622134040898171,-0.31629286491823283,1.0
-0.9103918968041335,1.1787392797743317,1.0
-0.4957961919358027,0.9896891390025614,1.0
-0.533585001065668,1.1617017433467376,1.0
-0.7645694990213404,0.580694584779532,1.0
-0.5864618550960208,-0.07926340922152644,1.0
-1.2451200150666177,0.14995877530230914,1.0
-1.2832640875145271,-0.11977588275074127,1.0
-1.7119308384037866,-1.745011669836935,2.0
-1.0154943069022557,-0.21798402233448677,1.0
-1.3814211013771718,-1.4843831308021878,2.0
-1.4903695468760265,-0.4147758827040479,1.0
-0.5994028792424274,-1.0983728166205142,2.0
0.09484015752826702,-1.60225401955245,2.0
-0.4694458157821603,0.1424241411795784,1.0
-0.2778548918452568,0.4834635852523574,1.0
-0.3798411445148611,0.49172958218182844,1.0
-0.03768040978602787,0.8366143493203952,1.0
-0.5178561575797198,-0.2793055356441752,1.0
-0.3207407390977753,0.5529418828627004,1.0
-0.1313358941646646,-0.08487254391299774,1.0
-0.07934248759380999,-0.28960184629718977,1.0
-0.1598426485461997,0.9922418244701291,1.0
0.21169693164889478,0.3887690461295455,1.0
2.5490684310422282,1.6281476610980652,1.0
2.670889882971521,1.298725895619399,1.0
2.474229952300516,1.5341957044523684,1.0
2.3608388061849244,1.4560679012526994,1.0
0.43211354565805477,0.54550080791388,1.0
0.3639098721534914,0.2972305973389028,1.0
-0.28730939971496156,0.12242523039057684,1.0
-1.4888847314370928,3.0092386168215706,1.0
-1.6221799042739595,2.848519314098794,1.0
-1.4706512371533194,2.1286805861588363,1.0
-1.299816312214511,2.2138037599888496,1.0
-0.7901198979666494,1.520087973879728,1.0
-1.0868407148891488,1.5611385436142544,1.0
-1.4917441636766358,0.8837372212941383,1.0
-1.0877121777816117,1.7533977745681755,1.0
-1.8245672211263948,1.0245412783904708,1.0
-1.973013472113744,0.7418757492546745,1.0
-1.3826668128264852,0.08151198712690537,1.0
-1.0712649014595823,0.5532523413437874,1.0
-1.1696971510911878,0.3216572556497154,1.0
-0.9075400212598871,0.4847727053651671,1.0
-1.290344937250299,1.0922355590754893,1.0
-1.0355223577046138,0.6213600971317925,1.0
-0.995706731469356,0.4927834148767725,1.0
-0.9172936856713141,0.3931919637474162,1.0
-0.13032263256314766,0.7545006087029018,1.0
-0.14982577900725855,0.046755126952182445,1.0
-0.20521241798962814,1.4080708742423147,1.0
-1.2487024612340358,0.515566370339083,1.0
-0.5519360804894589,0.8901652577462209,1.0
-0.6387919900117668,1.0921430577720532,1.0
-1.6450185321016944,3.6965283476243553,1.0
-0.6669414700671378,1.9974461190917583,1.0
-0.6727755601774247,1.6052804111003312,1.0
-0.36185147620641966,2.0465322524219047,1.0
0.5098687294511165,2.1510397846798415,1.0
0.1695599416060619,2.1412932026796807,1.0
-0.6074466726197122,0.575615399285361,1.0
-0.8890957286365363,0.6834184805279941,1.0
-0.7560560263491639,0.6997619051647695,1.0
-0.9319082376550071,0.7512275974556982,1.0
-0.7259273509327905,0.6300627354471866,1.0
-0.00953432634644814,0.8693547388318279,1.0
-0.6376385367451881,1.696716030898321,1.0
-0.7925088430622551,0.8121738122325521,1.0
-1.0391094030738623,0.856203995366111,1.0
-1.0844762601206854,0.9651611569430533,1.0
-1.0155692574582065,0.788461856894104,1.0
-0.7489060160376658,0.6587106302311987,1.0
-0.4108570540814615,0.862410946919386,1.0
-0.9694893994965114,0.8689036556675517,1.0
-0.4866091647571335,0.9752838197619389,1.0
-0.70571136755601,0.937445087962699,1.0
-0.5994934822754648,1.0357958287979196,1.0
-0.3847104420675637,0.6999609881275102,1.0
0.3040629819980149,0.8340190446253539,1.0
-0.1725677862465664,1.3893906618259604,1.0
0.003988508096533386,1.3365885500269787,1.0
0.4157389113701087,0.23095346842122907,1.0
0.44492004330781404,0.5680029926352995,1.0
1.0082072499393602,0.790085006232372,1.0
0.6635078422754436,1.3572399142080127,1.0
-0.010426199202342121,0.8478009897324467,1.0
-0.15527664159335514,1.5882741382401755,1.0
-0.4947688274188245,1.2579878718149007,1.0
4.421758171639507,3.0500660019962353,3.0
4.460720335948507,2.965683843468661,3.0
4.5340668225614404,3.161277244221929,3.0
3.322156174195112,2.4575898705766184,3.0
3.1137404216637132,2.856778605792344,3.0
4.42996960285019,3.1108420204543363,3.0
-1.8765353480367435,1.878735216796914,1.0
-1.726233198981195,0.8217066160322997,1.0
-1.5763056029576303,1.9966962670547002,1.0
-1.2064916108361492,1.1324152931782347,1.0
-0.8678515516886659,1.0957203260214055,1.0
-0.6308749695637422,1.0706626754870456,1.0
-1.0467308418048447,1.9446935570344996,1.0
-0.7643042716276961,0.9983906840623692,1.0
-1.035923235927885,1.187470687795616,1.0
-1.0335408802943893,1.4407475450780796,1.0
-0.48664810755531496,1.1269292357718157,1.0
-0.5086502302271854,0.5600126879154658,1.0
-0.507742187614405,0.1852076355261601,1.0
-0.6529661849277689,1.1213101970246493,1.0
-0.6092964616119286,0.7923814267231071,1.0
-0.5830573948307133,0.502451871553934,1.0
-0.30959950689992777,-0.036183458857413565,1.0
-0.49227129155050753,0.7457389752601141,1.0
-0.5597649634091455,1.1071638842652944,1.0
-0.5673700266361935,1.293780143762308,1.0
-0.5976925163363862,0.6675708230415546,1.0
2.2833665938027012,0.6861939608446218,3.0
1.3213417058559698,0.8171467762389341,1.0
-0.2058809223386525,0.22431769003799484,1.0
-0.9953011055326371,-0.01163604652167533,1.0
-0.3370023129731005,0.19841900083501685,1.0
-0.2647652598147448,0.5214796103347524,1.0
-0.9713588139646413,0.7082584532037789,1.0
-0.9307912382400928,0.4639067513316358,1.0
-0.4583796637722155,0.8467819246933288,1.0
-0.9926959346627097,0.506873092651046,1.0
-0.8765101881548044,0.033028685265799,1.0
-0.9382679346069837,0.5549010206313184,1.0
-0.7422667491677145,0.7190206955203153,1.0
-0.9253053823867519,1.035574655632223,1.0
-1.1989432740907005,0.5702232824183336,1.0
-0.7598132466436672,0.48053703325984326,1.0
-0.7874999179928,0.3838496667121303,1.0
-0.6874269763427867,0.34222886397212277,1.0
1.2643803994440197,0.6876117335755451,1.0
2.1427046775578606,0.7139509742545824,3.0
-0.6870180613333694,0.08783025282897713,1.0
-0.856240702184012,-0.5162112366539479,1.0
-1.0977515177980341,-0.10421095112949454,1.0
-1.481077481037276,0.0006762674753564029,1.0
-1.6634642958295016,-0.1636898783559292,1.0
-1.4035145237463589,0.19744924069377007,1.0
-1.2220586606209098,0.11718563288676066,1.0
-0.5709793142589351,-1.1950637874722128,1.0
-0.8291490369201778,-0.3413531403665776,1.0
-0.8397276479351384,-0.12807727691862877,1.0
-1.0490991429633503,0.20877387513707335,1.0
-0.9693979747353838,-0.05406519723388062,1.0
-0.6466170389638445,-0.18817136294947906,1.0
-0.5405459364133285,-0.3112384743979476,1.0
-1.4003060817586575,1.0197326455310938,1.0
-1.2783225260388595,0.9311377385258126,1.0
-1.4162470445481006,0.47850022477459314,1.0
-1.3938132811714448,0.13006105904317658,1.0
-1.258470796580513,0.32823321927907423,1.0
-1.2258649824211152,-0.22101611477746919,1.0
-1.1049400188153224,0.11741074306128618,1.0
6.1147840173483665,2.4474626899106475,3.0
6.646097908895845,2.5742702783278646,3.0
6.864431477229809,2.295714055067911,3.0
8.685769007713116,3.1457901441540996,3.0
8.357519148483954,3.1687242877509956,3.0
8.290618407881862,3.0262699733901366,3.0
8.267661751127347,2.9110522140439126,3.0
8.313155794018437,2.8671840381357327,3.0
-0.7880604752553287,-1.7156281047388051,1.0
0.22920762231311673,0.6848786670843293,1.0
0.08640137567918793,0.6688673260877294,1.0
0.309884900047944,0.6326874984776166,1.0
1.3083727060679957,1.1553590342079103,3.0
1.2838215028717812,1.1939340861826282,3.0
0.7037611146816888,1.0060152778632279,3.0
1.5580504981347927,1.396220534352715,3.0
3.1012243497421,1.823168698423412,3.0
3.2608368712096887,1.985413721933136,3.0
3.536318822439711,2.115177538209007,3.0
5.1806315761098585,2.4729729699671505,3.0
5.193297631411284,2.048534971389011,3.0
5.12745192562782,2.2806913144357757,3.0
4.396554519735175,1.7274255277466146,3.0
4.9887004066989125,2.018024494404083,3.0
4.658897935751199,2.079722306801588,3.0
4.026914605107898,1.5347116235692888,3.0
3.9632764595627283,1.56378251783753,3.0
4.694086142755469,2.045023917786031,3.0
-0.1245123913776633,0.5837116931292448,1.0
-0.047253126882302286,0.7417044383490711,1.0
-0.1462053818896103,0.5652140992657961,1.0
-0.16714352049972866,0.7723263469518651,1.0
0.07350249626975386,0.2814610212672799,1.0
-0.08102244064353215,0.19184249907913958,1.0
-0.2843588023653333,1.148793756300611,1.0
-0.10783805357075552,0.6753188239019018,1.0
-0.1166271787265895,0.7302989728724325,1.0
-0.464550013682679,0.5519444591339667,1.0
-0.27126374167456535,0.7129171811321682,1.0
-0.3971957807878808,0.7202989008994124,1.0
-0.10880566743373962,1.0915132264214038,1.0
0.8834628865228747,0.9715945496900525,3.0
5.148509775299515,2.938012912375098,3.0
5.231346195608661,3.2898038641056515,3.0
5.077923802090843,3.2061014296666754,3.0
5.415012522077599,3.4588147163985545,3.0
5.428219963906953,3.309391959551295,3.0
-0.144585293269597,0.0031550854647684006,1.0
-0.2591192627667219,-0.5019205936201221,1.0
-0.3343385849225825,0.07490641531489375,1.0
0.15839297108094738,-0.87661877499683,1.0
0.25538913366056537,-0.974626054113364,1.0
0.17508168668994936,-0.8037808391337448,1.0
0.4135712089039112,-1.033911825521109,1.0
0.37340196494492583,-1.0401954472185897,1.0
0.5011464771758477,-1.075628824598998,1.0
0.5888222983739654,-1.1071648482932026,1.0
0.5860985679670235,-1.1180232836035384,1.0
0.592370435860989,-1.1402658291269407,1.0
0.589405232874581,-1.1429596569030536,1.0
0.6501210259589164,-1.2260237406955925,1.0
0.2223965544376055,-1.0911967616035971,1.0
-0.03398135885924133,-1.1221938981491206,1.0
0.2888156670097547,-1.121207295809092,1.0
-0.1756908562922231,-1.1487400213214616,1.0
0.042830560411948944,-1.1450657287759205,1.0
-0.24185893779464798,0.7952183190676757,1.0
-0.7311138559471584,-0.10896455650205973,1.0
-0.48571000633075906,0.01589727002918036,1.0
-0.5467464840971827,-0.06388400336720036,1.0
0.2637124355562767,-0.06059940268927118,1.0
-0.40631093845417976,-0.4821966463861433,1.0
-0.09952055453875315,-1.026589904569085,1.0
-0.3616832081588065,-0.892938911989716,1.0
-0.832186270214759,0.8870983160715318,1.0
-1.3717754391274193,0.5597362799133798,1.0
-0.23442642014276757,-0.4662541281041091,1.0
-0.13218519378493795,-0.6037716967719386,1.0
-0.2885310219454044,-0.6888121489080137,1.0
-0.33556197947211996,-0.5449672890068994,1.0
-0.25370911368008864,-0.4888141643562657,1.0
-0.265544944970536,-0.6101570040123737,1.0
-0.27025602566265305,-0.6191287115227303,1.0
-0.2854059089981791,-0.31023341315194247,1.0
-0.2965085733803469,-0.23124294272129076,1.0
-0.2673401842670819,-0.33469101045383043,1.0
-0.3280281604699822,-0.034031763694532355,1.0
-0.2609242328829278,0.24023461681033392,1.0
-0.17721849836221662,0.040137763297138786,1.0
-0.4484371840157185,-0.2533593092028954,1.0
-0.2127203328068679,-0.20392521263807264,1.0
-0.9281209760455623,0.16236520116127978,1.0
-0.7748937267160045,-0.036925897490714545,1.0
-0.7663367434812298,-0.015587999691336904,1.0
-0.45635398223010315,-0.36130398373504363,1.0
-0.6703198177182075,-0.32479852987871766,1.0
-0.7240623687991955,-0.48477170425122884,1.0
-0.7242418444348523,-0.6238210150809618,1.0
-0.8393892999710267,-0.7357774904426078,1.0
-0.7751692190941076,-0.3890590331642403,1.0
-1.011628975490088,0.22899303147776123,1.0
-0.7898271230495706,-0.0783522029854377,1.0
-1.4053059728752506,0.3404850694043047,1.0
-1.4953716791237688,1.475073896018623,1.0
-1.4032838233636575,1.1156091106358246,1.0
-1.4127040701872997,1.3102146566079231,1.0
-1.3974363355667454,1.2150338354591446,1.0
-0.8011999023481564,1.0172667716494737,1.0
-0.8988249020684085,0.9060046140753203,1.0
-0.9299504770784904,1.3354830476818982,1.0
-0.7772180819356438,1.0341858276125702,1.0
-0.7531731202074233,1.5756430376471673,1.0
-0.7931587358543429,1.0066646568550917,1.0
-0.3629872951027151,0.8041549797356445,1.0
-0.8277836309842763,1.7142699546851934,1.0
-0.7573668923816791,1.7474730795783269,1.0
-0.6913207347002018,1.5550246514351227,1.0
-0.5901332004313172,1.4245017840500336,1.0
-0.15852867590443212,0.1774647097818124,1.0
-0.340347075753194,0.19943773143116997,1.0
-0.473981713517298,0.28335388435012904,1.0
-0.42248297771602794,0.4195379097869348,1.0
-0.45948657087930245,-0.21736144538749388,1.0
-0.6372454985812642,0.08165885132162973,1.0
-0.7126883329881543,0.44860838763735406,1.0
-0.1988940903000813,0.4281751145963713,1.0
-0.10721667457224839,-0.15321568876433056,1.0
-0.3034075981854258,0.08468150385894559,1.0
-0.0969003355987171,0.649887875035645,1.0
2.9437620618823725,2.021118380185105,3.0
2.824442742977948,1.7522937541356327,3.0
0.8660628663187195,1.2738480128454828,3.0
2.651734874688731,1.8783774327589524,3.0
-0.7244517941133848,-0.8442312501211232,1.0
-0.8685680657494884,-1.0169143057644052,1.0
-0.8788620988209518,-0.762730000081162,1.0
-0.9114759611234718,-0.3006606282426029,1.0
-0.8494312102731637,-0.47525726315485267,1.0
-0.9876572667114555,-0.7914944167600158,1.0
-1.041794457341703,-0.8366099780355287,1.0
-0.8743073555100901,-0.781177258914155,1.0
-1.0218091011507444,-0.9507357776021602,1.0
-1.2389978888247837,-0.72917802206615,1.0
-1.3091543853853125,-0.6270208729498014,1.0
-0.4985589533314222,-0.26496829802196137,1.0
-0.5509804939259014,0.1037949516905145,1.0
-0.7906278384971834,0.7997021995488961,1.0
-0.5327776664319102,0.48127636596137996,1.0
-0.5974399067263704,0.8049583429852514,1.0
-0.5800696641089692,0.674172496113016,1.0
-0.7828693809470791,0.2518547601055737,1.0
-0.9048832100651075,-0.04090766474008711,1.0
-1.1194623502589516,-0.27006949057370233,1.0
0.5219918163534539,1.4326795405302817,1.0
0.5032748999139747,1.4440438488534895,3.0
0.6568809187842906,1.8299795881157201,3.0
3.7452389404792465,3.0441665290674105,3.0
5.608587214520946,3.2322731272936616,3.0
5.807810226075907,3.5577048488729868,3.0
5.808517879430062,3.4298412944178973,3.0
5.847830700221763,3.5757753425319403,3.0
5.715048547904399,3.5817380098758567,3.0
-0.8874143796090354,0.03153725578249518,1.0
-0.58871578939335,-0.37999140216036975,1.0
-0.45253872897725655,-0.41645939574428487,1.0
-0.3786412332799389,-0.09339424933439532,1.0
-0.4877132673415332,-0.08313961588721368,1.0
-0.3878459443946124,-0.006627025649794336,1.0
-0.2795248948635231,-0.00034589930388286564,1.0
-0.36774408722784946,-0.15121976697100598,1.0
-0.2906803733368772,-0.27329277290622644,1.0
-0.19251403012074125,-0.006978135560907676,1.0
-0.02694186543828123,-0.1388816162034161,1.0
0.10675851873710099,-0.23150435771853478,1.0
0.18057918939022435,-0.012469339064683066,1.0
0.17942523882657294,-0.01913465151387148,1.0
0.07060649011991679,-0.1591054977511626,1.0
0.10647388997487502,-0.22149538486663625,1.0
3.9629093014202197,1.253220792459504,3.0
1.9975897543675991,0.495019049693239,1.0
1.905978834636324,0.3384837517821031,1.0
-0.33761452454794394,0.22114782531150678,1.0
-0.6408077058845103,0.4278897680316919,1.0
-0.4576757869506638,0.5100895051701647,1.0
-0.2755764817214538,0.5619123958137748,1.0
-0.8417827319431602,0.6360359838506631,1.0
-0.5672638804428485,0.46070766663345936,1.0
-0.3884829901682745,0.3740941803328976,1.0
-0.3849066523741924,0.4376205752025753,1.0
-0.36727944302701376,0.4998337985434737,1.0
-0.4497655024054459,0.4903178938486071,1.0
-0.6498115836688584,0.22613287526970494,1.0
-0.48914259466517696,0.539438561125351,1.0
-0.23438148424880859,0.6284657064638262,1.0
0.00874784689121411,0.7376093034850114,1.0
5.159647868829411,2.2849178162362795,3.0
4.360157420902939,1.8785343785756536,3.0
4.343698904666403,2.1567673499932796,3.0
5.193917344755051,2.5799153857974595,3.0
4.553469257318096,2.3201407021954417,3.0
4.48897911069848,2.3649899106267855,3.0
5.378315110031463,2.6114034057805524,3.0
5.278863896699155,2.908789826912921,3.0
4.409012180213928,2.7065383545962183,3.0
4.112722821158223,2.9876565473270094,3.0
2.3439952699221784,2.784780035344689,3.0
4.217502179118222,2.9353110781518743,3.0
5.999427242447243,3.1709491400132386,3.0
6.131024624978636,2.9150441799331492,3.0
8.061938584404421,3.4794851167583434,3.0
4.679162743697884,2.741273874481193,3.0
7.400727693935743,3.3398768127108878,3.0
6.726480672444906,2.8722794098843645,3.0
4.301736110245422,2.8613256724278884,3.0
5.965433210159525,3.4187835541075025,3.0
-0.5668803153187535,-0.5946325823666792,1.0
-0.10705853602283051,-1.4866162226337596,1.0
-0.487931366750757,-0.5759354726284256,1.0
-0.6281780429052318,0.08291329381520007,1.0
-0.522664282734057,0.25753215059326806,1.0
-0.4249129427780791,-0.040552036738026445,1.0
-0.38931112361584974,-0.32782093833272424,1.0
-0.53802214895495,-0.08815398028421008,1.0
-0.28579113686783936,-0.24463613032932777,1.0
-0.3217007982974843,-0.19433508872220695,1.0
-0.6640385390128942,0.6666172817281608,1.0
-0.6233031066090206,0.8349677322180818,1.0
-0.47817944846683963,0.8631081169240196,1.0
-0.6495501620686767,0.7345740245881247,1.0
-0.7291205405381461,0.3417807683925608,1.0
-0.816021874600249,0.6006375951862554,1.0
-0.7024444724829363,0.3040504545114634,1.0
-0.9308513383348879,0.423882247115624,1.0
-0.20647120792590634,-0.10681561868800178,1.0
-0.2235288344084684,-0.5301393130744961,1.0
-0.340393815385844,-0.7490472203916322,1.0
-0.37998462561483315,-0.97964036909764,1.0
-0.9780043767646515,2.5764378902900456,1.0
-0.5192658738015101,-0.46600107706386734,1.0
-0.6181118048523392,-0.20576790132433878,1.0
-0.6040846367160354,-0.2868799324245079,1.0
-0.32728989519854107,-0.1741671060997533,1.0
-0.1663474301894083,-0.0216073229068974,1.0
-0.6889181466283383,0.5195708347399569,1.0
-0.446892164906431,0.2749613529127436,1.0
-0.6343219315239464,0.15959416511157806,1.0
-0.47298203689186014,0.1916102059920472,1.0
-0.5851463619677081,0.3539245578026987,1.0
-0.6979295599613708,0.3393212567898969,1.0
-0.6747331245889543,0.5969309210294562,1.0
-0.7641836176875981,0.5391141558116731,1.0
-1.1092332099132776,0.30777646544024506,1.0
-0.8867744287241897,0.5304637458955951,1.0
-0.40383677386036765,0.422096820625964,1.0
-0.4118757572885251,0.34399990984333784,1.0
-0.20516277602027697,0.46167258073697165,1.0
0.39741463361750395,0.6933057413317538,1.0
0.3260750881912574,0.8449349016306754,1.0
-0.08420280522064,0.47284854344281185,1.0
-0.10202273304300023,0.6126522012336167,1.0
0.03807970131150774,0.6626175188242794,1.0
1.5503811274765331,1.1642321394744382,1.0
1.5266900447187977,1.1415398527495086,1.0
1.6445288032443068,1.0382028066508557,1.0
1.6639929098957194,0.8752730747233499,1.0
1.6143294124688123,1.0753366349210245,1.0
1.4956557107949,1.111802380439461,1.0
1.5747035111438707,1.2685639514731113,1.0
2.176388918525404,1.0883027902901328,1.0
1.6983042460315545,1.1236923250123914,1.0
2.0456707903008917,1.2036289797296051,1.0
-0.02781781614580253,0.6777408032901047,1.0
-0.011432151012588734,0.715377243793664,1.0
-0.08863186481279302,0.7181056502713115,1.0
0.7114182352232444,1.2837326403898932,1.0
0.6632343658300032,1.1085434490590287,1.0
2.1726822979693567,2.045663930537953,3.0
2.151036776226259,2.3633035394370983,3.0
3.985495566580743,2.7942802848492887,3.0
4.033874900642162,2.967462013382374,3.0
6.038095608495396,2.5891463703194613,3.0
5.667838161646669,3.2538547649234184,3.0
5.681534205469215,3.398104485885454,3.0
3.9908579709580265,3.0504412850117446,3.0
4.219524457146237,3.1530673201107704,3.0
4.48194936223952,2.8560951196461004,3.0
4.370941559069926,2.7384780925924463,3.0
4.487139705644815,2.328429467335048,3.0
6.153702432833153,2.950100408260355,3.0
4.322976686554042,2.22944532774814,3.0
4.039264755491167,2.0247793661897107,3.0
-0.08779101235448412,0.6484559028798371,1.0
-0.1957974385055665,0.14384885455639698,1.0
-0.18115549661373964,0.19341270599164267,1.0
-0.9392475115702162,0.44235972154489955,1.0
-0.8668515066517412,0.5477905832062478,1.0
-0.9948224088166029,0.7036500964095681,1.0
-0.7319732435099402,0.8888995708083893,1.0
-0.6078218726486937,0.708148815510984,1.0
2.354900263578439,3.6702315361204567,3.0
-0.31678802819192137,0.8344114951575713,1.0
0.7917853510702425,-0.34544335760557776,1.0
-0.057191008666595856,0.49996395465842947,1.0
1.265106121195174,-0.1150168925643766,1.0
1.3405314401854842,-0.1369364587972519,1.0
2.0087699219153308,-0.5432659888307741,1.0
1.6054378784231014,-0.39937902505591494,1.0
1.7105819896284276,-0.5291405980286885,1.0
1.983373635442728,-0.4714060951404702,1.0
1.8317076120247844,-0.39631608653652517,1.0
1.834068429768319,-0.43034904147824943,1.0
2.5150158351169414,-0.5014392662988788,1.0
2.598201099563073,-0.47621301258334836,1.0
2.2849995619562895,-0.46280255198127257,1.0
2.300954804892612,-0.6638031120082789,1.0
1.720067073676164,-0.5843572069887888,1.0
1.1951926009685554,-0.23162752668877387,1.0
-0.6110029468525572,0.5513455515524689,1.0
-0.3400889321006068,0.41703823140044727,1.0
-0.29259086807653006,0.3372773021040673,1.0
-0.06987197559453878,0.16308304285304798,1.0
-0.023169657990971818,0.10004602855186245,1.0
-0.49919915044471824,0.4583233453980707,1.0
0.30792618332560606,0.3537886428803156,1.0
0.33213747322661913,0.5679877163957228,1.0
-0.16833642401357038,0.5074210028226165,1.0
0.4747520285767503,0.13151069966970677,1.0
0.4709567306038344,-0.14468494021521167,1.0
0.440008176021291,-0.19963487772830218,1.0
0.4551796540495244,-0.4647840238036739,1.0
0.5560192818936174,-0.861797733679464,1.0
0.4695224202025245,-0.6717471663799031,1.0
-0.10739801546666285,-0.07910513522658068,1.0
0.07190445990730963,-0.017635719582545843,1.0
0.310403423308463,-0.16680713954954857,1.0
0.6512262320033104,-0.2083277365212746,1.0
1.22541823064523,-0.4578603825344784,1.0
-0.850278311148271,-0.6658846140077134,2.0
2.5944032544395057,-1.6067254741950494,1.0
2.6783440530444467,-1.389900698301449,1.0
2.137299472218062,-1.176889256068779,1.0
1.8045747102606975,-1.0713977076445793,1.0
1.4473762037608997,-1.0152341763143795,1.0
1.2391828855855669,-0.959320615170284,1.0
0.9149879187304705,-0.8526657445708888,1.0
0.7065243289866899,-0.806315302064503,1.0
0.7352592406094149,-1.0028163682625935,1.0
0.5914359615757555,-1.0311075698474534,1.0
0.614217355705917,-0.9858979997244306,1.0
0.5691218293764065,-0.7551606602182621,1.0
0.2460964003160889,-1.0164651055490779,1.0
0.10084323438022884,-0.6112520173245733,1.0
-0.35972914054196403,-0.2992259006915219,1.0
-0.26954695164007486,-0.3435609603199219,1.0
-0.1343435558659081,-0.6407892285974023,1.0
0.7939724446549973,-1.1591888333929903,1.0
1.3523591924710952,-1.2259360258197853,1.0
1.385356873552733,-1.2204948035029575,1.0
0.957496723148388,-0.790713911488325,1.0
-0.10332112027648345,-0.08722943631255795,1.0
-0.12558075492070644,-0.11399882219829173,1.0
1.8650335330666534,0.8779332539491095,1.0
2.522655539838929,1.2095165908226428,1.0
2.2119561389270936,0.9228597767803999,1.0
0.21530745527854403,-0.6223557847823018,1.0
1.2495435249373028,-1.5870449799748783,1.0
2.0950580726133263,-1.8847286715356895,1.0
1.7196032483832773,-1.756938439058215,1.0
0.9407337786273966,-1.2606431416790493,1.0
1.0769470143907807,-1.2608268825025013,1.0
1.171763043991235,-1.2164841277729754,1.0
0.6817194911116828,-1.2864713053881272,1.0
0.7522563962195395,-2.1887830096026133,2.0
0.22704402035397375,-1.7557876601579492,2.0
0.3393554296246,-1.7513627329188532,2.0
0.4225665016288832,-1.7594297162549157,2.0
1.3132594972539124,-1.2372265223963974,1.0
