LDA1,LDA2,Target
-1.0717216955747881,0.302614729628529,1.0
1.240514814674111,-1.911807827637502,2.0
-0.8240812890447808,0.9803029270004577,1.0
-1.2343172341475204,-0.6247426580627498,1.0
0.17330636700277707,-0.8536854273340455,1.0
-1.0327680681829996,0.39143006280573783,1.0
-0.6670350009945677,-0.1199836448258148,1.0
-0.595736090649944,-0.11711742454829485,1.0
1.2758500248522737,-0.9003892808434101,1.0
1.4511820713341441,-1.0896910354780491,1.0
3.615008551875557,-1.93153584247514,3.0
-0.515616287051332,0.3813021041965171,1.0
-0.0476294356425843,0.08757631777062913,1.0
1.3021808613376122,1.0028864329142597,3.0
0.5211923639530298,-1.1123173088962155,1.0
-0.39574831655474624,0.5116719558411299,1.0
2.8443403978536965,-0.7110381625703788,2.0
-1.3567855595950602,-0.13901587679088528,1.0
1.2685726052811708,-1.169138944970643,2.0
-0.7929969595852797,0.6439928876903553,1.0
-0.8723237282733272,0.266826013510723,1.0
-1.620906266826173,1.6023452448145559,1.0
-0.38718201428891497,0.47078422427356165,1.0
-0.9426990602942814,-0.6435968221677391,1.0
-0.9771373785051338,0.7502518617733392,1.0
-1.0916977045113383,1.29289360458371,1.0
0.8974459664707491,-1.8122898556395985,2.0
-0.1595040777188782,-0.311492250229494,1.0
1.8743850535460433,-1.3874760611577033,2.0
3.0076961362179677,1.5397351313571908,3.0
1.1954872845133049,-1.275601427936261,2.0
0.13978132856292586,-0.8100273692550507,1.0
1.295770474700079,-2.1465614964508153,1.0
-1.4077724721437654,-1.2563668953264056,1.0
-1.6396273218251411,1.336236409309405,1.0
-1.2063893316130938,0.8248146706286384,1.0
7.179117152679281,3.2111541510253345,3.0
-0.3245035518202728,0.6806766296915033,1.0
-1.2499670999022476,0.5750519399115016,1.0
-1.0761146065236367,-0.24897163915154402,1.0
-0.5824062813315621,-0.7502778804467725,1.0
1.5686886066138956,-2.0278440434345537,2.0
-1.5086832313321703,-0.8655988456475815,1.0
0.21342016365141558,-1.3059304689839595,2.0
0.32113030432265466,0.08029989683232816,1.0
-0.9257664707474614,-0.38338816654091623,1.0
-1.0801199261735581,0.6173527130738693,1.0
1.9329679717683046,-2.2277803598355352,2.0
-0.13709695425835805,-0.685722720990619,1.0
0.17234951016037559,-0.5948381063646023,1.0
-1.158369751984044,0.4885698184152065,1.0
0.7774981371639907,-2.030745455434471,2.0
-0.9891533889673456,0.05577173809364938,1.0
5.875932403175776,3.174832018770451,3.0
-0.5763575707917563,-1.0906707766349684,1.0
-0.41454892155768697,-0.8826373854682796,1.0
-1.7009341219539353,1.4198276317826564,1.0
-0.17398211116582973,-0.30067061843046206,1.0
-1.634723462157654,0.28003518580460507,1.0
-0.39566241335639973,1.3313732873723518,1.0
-1.5577981750731509,-0.3096604933155463,1.0
0.8664560068453622,-1.6732724556544478,2.0
0.007058027634464004,1.2396203674989028,1.0
1.732200636746111,-1.9674050079059922,1.0
-0.6619992630769869,-0.9022887300728037,1.0
-0.6577795482347844,0.4975255036565752,1.0
-0.9417951778524044,0.5806084973542831,1.0
-1.0260586423182352,0.18523916050213896,1.0
1.1720753486798674,-1.7617809952714154,2.0
-1.4617215459950774,-0.239266256503451,1.0
-1.3508438666190297,0.4064498317298111,1.0
2.241512240915447,-1.4457474027109023,2.0
-0.38455209678340563,0.6692848572900847,1.0
-0.4563530405374226,-0.007016272945622126,1.0
0.86046342287178,1.9914219318585067,1.0
0.2562053794640906,-0.9024689159570896,1.0
2.2071525867515547,-2.0345988902859933,2.0
-1.2208811003989493,0.7610502561452175,1.0
1.570200503210912,0.9784824835925191,1.0
3.8025770234817076,-1.9881490819704977,3.0
2.9595282239220824,-2.2216325086994133,2.0
5.4289185809706115,3.1796173268240033,3.0
-0.844420776498215,-0.17669972880565463,1.0
2.1007785394529788,0.6657055032425463,3.0
0.1900275402114508,-0.9195420438999317,1.0
-1.508163669808714,-0.5400563338563782,1.0
-0.6127840965865009,-0.3050834166933418,1.0
-1.2753439786171428,1.0051736345278577,1.0
-0.28125608985786726,-0.17440352104534734,1.0
-0.3755532681180171,0.12378000453311166,1.0
-0.42495778319878913,-0.12753350485750353,1.0
1.2298116751841044,1.2216602695707988,1.0
-0.1828858856365948,-0.6127535944905349,1.0
0.2878228358657802,1.7047572048595871,1.0
2.531935049722856,-1.7862704567702337,2.0
1.16309847560454,-1.3550842889823291,2.0
-0.0036222949967099627,0.8654699699013817,1.0
1.300772446488509,-1.5070401920473495,2.0
0.20291612985573665,-0.6846649564313476,1.0
0.28841364992820795,-0.6622539385943753,1.0
-1.3277533921256865,0.20382221572304143,1.0
-0.9903882904123158,0.052070776541771946,1.0
-0.9742572127009029,0.5132138856984099,1.0
-0.03931289140538749,0.08006833095812493,1.0
-0.8828429279118147,0.43908567645924346,1.0
-0.08418945680592727,0.49615617825710034,1.0
0.34088687259092304,-1.2586978366322097,1.0
-1.6004568531847285,1.3450076276807048,1.0
-1.325648204141917,1.6556734278652185,1.0
-0.4268139277869214,0.5046529254718866,1.0
-0.3971845897398091,-0.5847421578679266,1.0
-0.2510109389617624,-0.9614581241401157,1.0
2.8983901628740845,-1.717318827013431,2.0
0.14918600605610277,-1.7222538046915699,2.0
0.9726721840970373,-1.6897367524912332,2.0
-1.3200026249532384,1.0808334901428007,1.0
-0.789366605679708,0.9988034385141702,1.0
0.500375857818711,-1.2656551439563768,1.0
-0.3065404841065404,0.3541346668388339,1.0
-2.3707418324647884,1.6593477324245058,1.0
1.3655082357871255,2.233388914733879,1.0
-0.11775206612389444,-1.0383102394302364,1.0
-0.8070133033786397,0.5477094901936137,1.0
0.42292627601414995,1.9270921589968946,1.0
-0.5281340669313629,0.3582424673487372,1.0
1.2744669858890079,-0.2284313443876419,1.0
-1.1128583408021275,0.10771107436254956,1.0
1.3475473592062464,-0.25069618965285234,1.0
6.435951267715929,2.3297269338924407,3.0
5.960623473615887,2.7109167750375316,3.0
-1.6291194399943585,3.6230508991027377,1.0
-0.20927595626618695,0.03362569692061759,1.0
-0.5992676572975933,0.05749920320566276,1.0
-0.8088669483471862,0.8269378242622576,1.0
-0.17489045918143742,0.5032903993755516,1.0
-0.6117398507688028,-0.32863934365122693,1.0
-0.45573484407710796,0.18454152858161185,1.0
-1.4530093029856797,0.9993828071224049,1.0
-1.2419404356762493,1.0544406268439857,1.0
0.831341988774293,-0.9777446279736458,2.0
-0.4904833580860194,-0.07177528783642417,1.0
-1.2798491884126064,0.5915447978092865,1.0
1.7667330014276765,-1.7146271668740778,2.0
-0.7708277803079651,0.618485824676796,1.0
-0.04503721751113188,-0.363547715891971,1.0
-0.5498301652186183,0.18522239968593224,1.0
-1.4288089831804451,0.397539815667557,1.0
-0.40433264612292863,0.0009978143891260227,1.0
-0.5772162013588622,-0.19331012354902558,1.0
-1.5323402138051327,0.6193657737564414,1.0
2.549075583209079,-2.4827483701546322,2.0
0.43237024273483626,-1.595264264436651,2.0
1.792885400836185,-0.5141436336891592,1.0
0.9525252593072518,0.3890709350184709,1.0
-1.0626143530476282,1.7965924958877713,1.0
-0.9944412020373162,1.2229089764993955,1.0
1.8523646009377526,-1.650309825892741,2.0
0.8646374755520363,-1.8496634612165106,2.0
-0.7361309130498055,0.34977254578793526,1.0
0.01799738893155997,-1.5253785532009716,1.0
2.879724935170021,-1.6487842228083331,2.0
-0.8360256258725013,0.9946544582846772,1.0
-1.767007991077262,0.9153662441261121,1.0
0.08134493536697454,-0.9671618368865674,1.0
0.3321989162072261,-1.0381191151267088,1.0
-1.6409781472236489,0.27587279973017326,1.0
-1.023492723213844,0.19028094017812575,1.0
-1.348036185508249,0.7267750203650102,1.0
3.679770764668404,-1.6188623919878342,3.0
0.7841535505705952,-1.229112449056601,1.0
-1.9861215451796754,-1.5884691150135077,2.0
-0.06487359000153933,-1.392418840689243,2.0
0.09122098073044149,2.9654187830810796,1.0
0.6445923434795541,-1.2016656568389061,2.0
-1.3297043952856877,1.4774113373591569,1.0
1.540883430658512,-0.9237660334541711,2.0
0.41328458714231453,-1.780508878691955,2.0
-0.9763848486664517,0.18528132928963492,1.0
-0.6066051753763004,0.5480707318868854,1.0
-0.6332132990488867,0.2881080482154616,1.0
0.025392533315205384,-0.7497835509025558,1.0
-0.8498561123853483,0.38052293841561347,1.0
-1.0286114437042322,0.23393615323859052,1.0
0.9945472461879872,-1.6094947752590132,2.0
0.3381918537754971,-0.9691342970860073,1.0
-0.5288979918137614,-1.2044873255353146,1.0
-0.07588421803135009,-0.9185325634426917,1.0
1.95337738666981,-2.348599326915103,2.0
0.5751728595551702,-0.9409324246385635,1.0
1.0202865810893789,0.865560424595189,3.0
0.1960706535687355,-1.6094946422510903,1.0
2.231946774816075,-0.6845065949864177,1.0
-0.9587297013924619,-0.5412827684891466,1.0
-1.553546410721959,0.5762065362596579,1.0
1.1244681096787454,-0.983591223087066,1.0
-0.3798933639298242,0.3656962496052655,1.0
0.033378044137611446,-0.35660684841180634,1.0
-1.8524185120801029,0.9340249151340648,1.0
-2.0396121530954145,0.2433626078415102,1.0
-0.13957297333346494,-0.6778760099637396,1.0
-1.254667343394546,0.6378311956562769,1.0
-0.3416784256335832,0.8422626383711642,1.0
-0.4381816817475652,0.18335321067998586,1.0
-0.6798996096656085,-1.5815074136886538,1.0
-0.6659087197440618,0.01633513272158149,1.0
-0.42698785327793876,-2.0858755577691124,2.0
-0.9956036437132093,0.4315607258776091,1.0
-0.1269437477147975,-0.6043343755908857,1.0
-1.2660047941715513,1.6604240437607938,1.0
1.2743292536237,-2.2656624412935784,2.0
-0.43735402839111026,-0.23823888366581997,1.0
-0.7841963144175967,0.2808455756592154,1.0
-0.8334284251359304,0.01785902670172118,1.0
-0.7275933192192162,-0.6972007728712255,1.0
-1.297193895686522,0.4579292508816992,1.0
-0.2534422493463617,-0.8554017675545202,1.0
-0.6240397292838418,-0.40286236668387465,1.0
-0.5341968550886126,0.2942188869945518,1.0
-1.2133554313883725,0.45553577230748155,1.0
-1.1953173577470881,1.0077819996352124,1.0
-1.343250901343434,0.3500511491836017,1.0
-0.9360856444312735,0.11939966609299907,1.0
-0.4053305174272008,-0.5003586594033165,1.0
3.1570646322109774,-1.9455622552049359,3.0
-0.5022459193948914,0.18598637017636505,1.0
-1.4048500518445624,3.0333587058916365,1.0
-0.27819482807001905,1.0731349381456292,1.0
-0.08809709697422785,0.6689962709368396,1.0
0.8040368075954818,0.6978307134298619,1.0
1.5192743263301012,-1.0964053171551247,1.0
-0.5532110305916169,0.2887334513388337,1.0
6.404504613069881,3.633986177489205,3.0
-0.15615965254477335,0.2515217828172116,1.0
-0.9095185896164653,0.15458569615661816,1.0
3.307026811463866,-0.853980929754465,3.0
0.00334403509370651,-0.7584393042312915,1.0
-0.7171792897423961,0.8784579546815583,1.0
1.3752147405124897,-1.9819900024108499,2.0
2.6037149205125085,1.1790292344846958,1.0
-0.293783513393994,-0.13013521333997924,1.0
0.7321169983506243,1.2788682019136004,1.0
-1.0799593587927543,0.47009001094680314,1.0
-0.9231627599389045,1.0255348410318732,1.0
-1.1426173664866537,-0.7273931537791305,1.0
0.7099326482749635,-1.7407957807736136,1.0
-0.7322570531399042,0.011428824635690893,1.0
-1.5394080002651316,-0.8503843288393684,1.0
0.30830530820054103,1.6376554374107704,1.0
-1.3011635075471915,-0.5045901663482082,1.0
-1.3406732801263241,0.6195443439159567,1.0
0.9128095612166389,-1.2480274064495285,1.0
-0.6824651770731909,-1.097113274495423,1.0
-0.9045321781346247,-0.9664825001553992,1.0
-1.1116720500225752,-0.1968601806108865,1.0
-1.0153688437661286,0.339091633165224,1.0
0.3156044580324803,-0.2559601650976752,1.0
-0.8012630852592896,-0.34678789146119776,1.0
-1.2681328657281967,0.9381850371311575,1.0
-1.3417986875725614,0.813965962300925,1.0
-1.1577702275951507,-0.2119588520421678,1.0
-1.007811955244396,0.5176749822829746,1.0
-1.2211223641550046,0.6874252419572403,1.0
4.592785057673676,3.0665069167206447,3.0
-2.001462321150735,-0.0735170346042637,1.0
1.7029398598075063,-1.8303134799094027,1.0
-1.026110139538019,0.13677420926504236,1.0
-1.3780581381209185,0.2024936624405818,1.0
-1.7194489898399645,1.5774364969668593,1.0
-0.2997812857367659,0.8686210674237491,1.0
-1.738436029189146,2.5501552878396185,1.0
-1.106769218309005,0.09329020674718133,1.0
-0.7906790323837911,1.0323041563932067,1.0
0.3042827412718339,-0.4740956275361659,2.0
-0.09513438340130287,-0.5018010886678179,1.0
-0.22979061938974937,0.011469188629911184,1.0
-2.0084944246674326,-0.7113395019015061,1.0
-1.2710865179731314,-0.05666674181205106,1.0
-1.1675208896826974,0.2876119715957941,1.0
-1.5563573856856148,0.7928630717204225,1.0
1.4765731031920253,-1.4042076681818323,2.0
-0.5937350541216202,0.008107666558124393,1.0
-0.38794916337862606,-0.3747913885789185,1.0
-0.5996034367010457,0.17973133670024108,1.0
-2.0119102528167305,1.3859064674023567,1.0
0.6954061572407979,-1.399277897159577,1.0
-1.4187964859878515,0.550296194009283,1.0
-1.3761698761321817,0.421973078597421,1.0
-1.331925077326838,0.7275483732234616,1.0
2.781045662284177,-2.15208535235054,2.0
-1.66337603181045,-1.8861425113588723,2.0
2.3730613780834173,-2.2882017162716357,2.0
-0.22480386108448602,-0.8652368247016679,1.0
-1.201014890843511,0.13518672360943007,1.0
-1.3880504416344726,-0.2281331066426514,1.0
-1.450220878471683,0.8136968974740025,1.0
3.4034460889628244,-1.9401111841870367,3.0
-0.45974674181360387,1.1523457403687551,1.0
-0.8985835915604151,-0.9985327703903848,1.0
1.9605076374664203,2.713243331692947,3.0
-0.7584457287095349,0.623550883009587,1.0
-0.06293802010023733,-0.530908854758769,1.0
-1.657991444893939,0.8341028084127263,1.0
-1.4059373120876775,1.1428139584998034,1.0
-0.03716143498190824,-1.0967213181614808,1.0
-0.8510043773477843,-0.4805586814075683,1.0
0.32958780374323005,-1.1124685224238273,1.0
1.6559055532956777,-2.1601800420798,2.0
-0.5393347876553873,0.2943084622089517,1.0
3.0902110701120775,0.38127484931769373,3.0
1.1376336576449975,2.014636044519735,1.0
-1.1852946024895947,0.6084945277498732,1.0
-0.9177237968045946,0.24042101616844413,1.0
-0.3987348016026923,0.10666487461878307,1.0
-0.20720199853517096,-0.1210238027117595,1.0
2.4599013658246682,-0.7636949928901517,3.0
0.3219474624672317,-1.047878149966578,1.0
-1.8753196610876979,1.4812489497182733,1.0
-1.3052714067047786,-0.6394964101776272,1.0
-1.4806329041464283,1.1899979030580314,1.0
-2.528241253744279,1.4956230172245761,1.0
-1.818698178735223,0.7147094514115884,1.0
0.4249876250550201,-0.5849218436868184,1.0
-0.36839539895093887,0.1284587854059524,1.0
-0.6599523262100488,1.3441859509309508,1.0
2.3522082565756364,-2.3055381672562394,2.0
4.716935762361263,1.7391267605340586,3.0
0.8594485304097302,1.759884811180556,1.0
0.4754350677326982,0.005439037852073336,1.0
0.4666288703681099,-1.6239897931194478,2.0
-0.9697426140632437,0.5376130295299868,1.0
-1.123045502978299,0.4946653305233673,1.0
-0.20095855769669957,-1.080060328721789,1.0
0.09652235441782486,1.8280398621325384,1.0
0.29735681062631936,0.5612321395735346,1.0
-3.0030807836571167,1.2418742122856141,1.0
0.2378609164929134,-1.031433380472443,1.0
-1.9211226663434546,0.6930556452624922,1.0
-1.434398011450056,1.0648578879591375,1.0
3.089979518836186,1.5241038459930574,1.0
0.896428412710409,0.5055527081302835,1.0
1.2821059970697855,-2.1560113099757765,1.0
0.7695224124485122,-2.2703971439980686,2.0
-0.8777326746091725,0.17790679244096558,1.0
-2.3162932624973225,0.013685942728359546,1.0
-0.6563380328983626,1.522599086868477,1.0
-1.2353982803410495,0.10012778439478551,1.0
-0.5530904597638878,-1.1880907031730374,1.0
-1.0896001894789555,1.1681297680630505,1.0
-2.352651230725136,-1.0339217596841925,1.0
-0.9847888503251399,-0.7653155162994025,1.0
-0.3665825451250694,-0.215277726957473,1.0
-0.10603210803532709,0.019953000432129164,1.0
-0.1323767988302325,0.685036691282399,1.0
-0.07757324590843945,-0.7705608486301073,2.0
-0.3996813155153582,0.4648945578161501,1.0
-0.23863830826723906,0.12302861737377568,1.0
-0.5238886759478907,1.1480531577714561,1.0
-0.741738587289901,0.22013053685140455,1.0
-0.6660564509420404,0.3632908799666441,1.0
-0.6878112157611769,0.25374855626341797,1.0
0.3338197478434763,-0.6236610451591285,1.0
2.6004006132859248,-1.0768014644333568,3.0
-0.2745173621974566,-0.18159120368840903,1.0
-1.4033609240900016,-0.14739733230564145,1.0
-0.48011687649864626,-1.3926638870739136,1.0
0.15668327454684233,-1.3161419098549563,1.0
0.015028261369644108,-2.0719495854135173,2.0
8.083110181085676,2.691090362530804,3.0
1.5983289819090887,1.0156230044792327,1.0
-1.9154741933637072,-0.6315364166207994,1.0
-1.0348822874143602,0.10705689057778411,1.0
3.102564092444921,-1.5449482403926,3.0
-0.96171442205204,-0.21471147325122608,1.0
-0.9990908023054448,0.9911167445168003,1.0
-0.41986038842599444,-0.11789512806535218,1.0
4.016411148997074,1.2093951762023127,3.0
-2.00681598973536,-0.30170405927316624,1.0
0.31210566485881813,-0.5345407776332887,1.0
-2.056117791376945,1.5388478387076727,1.0
-1.2159720483198992,1.7256118820594613,1.0
-0.982195412963477,0.7209845496375488,1.0
-0.7729781373132735,-0.257604016949549,1.0
-1.2459010782028879,0.7470216865212006,1.0
-1.6087483824758175,0.244493518578271,1.0
2.5649094525842733,-1.042217534744091,3.0
0.12675796574403536,-0.005932509854617532,1.0
-0.73152225532927,0.24612872329868618,1.0
-1.1165053446773392,-1.5785030014212655,1.0
-1.1266799715747486,0.3673975599172175,1.0
-1.015872474562436,0.18453116972845357,1.0
-0.1409568600125357,-1.685129289224189,2.0
-0.8514640246782308,-1.238234747428073,1.0
-0.441562289913646,-0.39690517097061406,1.0
-0.5862273522321066,0.4149933609225658,1.0
-1.1724198644615675,0.7786049156148027,1.0
-0.8652815842471533,-0.47255453050086427,1.0
-1.2046914703340543,-1.2222740263206084,2.0
-0.5852474559420162,-0.05173988581899952,1.0
-1.5428150053024954,-0.5400573693360194,1.0
-0.9341729237026779,1.3723369195802835,1.0
0.5747196375874611,-1.100317795457177,2.0
2.9665698160603275,-1.6799649387025049,2.0
2.430411213082855,-1.4526733406225503,2.0
6.392936854222295,3.5031192851140815,3.0
-2.244585169143143,2.1770125228064936,1.0
-0.27834551888188785,0.7295812075154027,1.0
-1.3553681979007068,0.28503397466483893,1.0
0.8399736695708062,-0.8032991719667206,1.0
-0.7958143293388675,0.7938314786097633,1.0
0.42993751271312985,-1.5111113443243092,1.0
-0.38887539382974157,-0.3330025190005393,1.0
-2.046260262415991,0.047707395766162675,1.0
-1.025810211074615,1.4589950164978487,1.0
-0.6349020204920872,1.0467216131491182,1.0
0.6080579107786186,-1.165625953155729,2.0
-1.1592445425263467,-0.4702140034460155,1.0
-0.409426171217285,-0.529623785960483,1.0
-1.1776215578702902,0.3383231518919016,1.0
-1.4629186874132918,0.46801516515484193,1.0
5.220708798929266,2.4852620133937964,3.0
4.970392291349835,1.9977699051608209,3.0
-0.2605676383354716,0.1764961975139374,1.0
-0.8668443694546972,-0.48702416084844447,1.0
-1.34580600778269,-1.6499065746609982,2.0
-0.511883299801467,0.04038998626285362,1.0
-0.9349562133522417,-0.1804274145360491,1.0
2.568238990957843,-1.7381302217957222,1.0
-0.7351994797652024,-1.0500140633532398,1.0
-0.23758782590652033,-0.5930923712047089,1.0
2.9892028206169643,-2.1305368820246278,2.0
-1.4228089391680756,-0.002850558337810616,1.0
0.02089677449926146,-1.234890076395103,2.0
-1.884417914799776,0.49437546904322555,1.0
0.9407388688351771,-1.08828668682948,2.0
-0.8627197976954888,-0.01906546161384448,1.0
0.9022503573831726,-1.5001397810895791,1.0
-0.7390970021690789,-0.5182025216868366,1.0
2.993479479420515,-1.7048249041942003,2.0
-1.2631339812541746,0.6578031592981295,1.0
-1.5898166745043483,0.5815009466146712,1.0
-0.31388344638170457,-0.5175659370068252,1.0
-0.9287616442619195,0.920932700337046,1.0
-0.060514832327991486,-1.0406342175469006,1.0
-0.9072214702565071,-0.22759515081944764,1.0
-2.383676594758715,-0.24736087441557153,1.0
0.4608183800255252,-0.25568943348413004,1.0
-0.7352271817785355,-0.4110810955521305,1.0
1.640112023045972,-1.4055307232969358,2.0
0.38061752873976473,0.5627377933841271,1.0
1.7938023639927978,-0.48916914549993695,1.0
0.015155372003495315,0.5703988377182289,1.0
3.1452886299278795,-2.154576015635757,3.0
-0.6114807554377506,0.9170161557892678,1.0
-0.9480802849542754,-0.798005260563081,1.0
-0.5370443906546638,0.3980096265097477,1.0
-1.4933407581972982,-0.6170291921444652,1.0
-0.20000520813926942,-0.59949779705552,1.0
-0.6252718411171027,-0.296253475626118,1.0
-1.0365599682540818,0.7344124305525204,1.0
-0.5947540023464651,0.8657263977012226,1.0
-0.7219780387984331,1.6925729025552156,1.0
-0.9606556369903831,0.2818157552148387,1.0
0.16158476725063958,1.9758547788051544,1.0
-0.48871186553240514,0.16709884323596702,1.0
-1.4832140544468777,-0.6284320813481258,1.0
-1.0101437435397556,-0.11635788826890447,1.0
0.8367138391904486,0.22695888621596194,1.0
0.2909960967510409,-0.9453683347218734,2.0
0.22322580048538543,1.9754982094622666,3.0
1.5962920423868983,-1.7498883015561424,2.0
8.090608674575886,2.8379896577807733,3.0
-0.7665363725161873,0.4575859041855518,1.0
0.895070906198113,1.3855977075027504,1.0
-1.4706799106201096,0.6590132983541561,1.0
0.22215187807422063,-1.1848969706696812,1.0
0.26222819100384287,0.627569013865503,1.0
-1.6582465347741986,1.9128712429392232,1.0
2.230594299166752,-1.8556436802149283,2.0
4.358982656829601,2.953498915168294,3.0
0.6529217334079371,-0.8485188849463701,1.0
-0.22487617580575886,-0.13467090683047664,1.0
-1.0332919775840064,0.21242590456136623,1.0
-0.9148644917691933,1.5808194050228308,1.0
-1.0587431564506544,0.14855138664532302,1.0
2.5427820538089696,-1.856662900156675,2.0
-0.3971946879785446,0.8139842559231496,1.0
-1.0171011919983932,-1.2000402994586021,1.0
5.9686405972787,0.7948676192853117,3.0
-0.4012927321191081,0.8883267467764417,1.0
-0.9236578845562315,0.9089973249976058,1.0
3.300705959057859,-1.517228762772239,3.0
-1.3543668091873917,1.6410778269303135,1.0
-0.25915324925004957,-1.0113630795914919,1.0
0.8476049816499267,1.2485140208311447,1.0
0.8684330328706465,-0.9280962310135417,2.0
-1.3077254143003492,-0.18727200367592162,1.0
0.6270295782817866,-1.672904414419726,1.0
-0.39319644684495914,0.923110233434371,1.0
2.0124807206688518,-1.81545494807362,3.0
-0.9202198121069207,-0.3300037398285801,1.0
-0.5304342695655692,0.3416950398538491,1.0
4.326902985115416,2.906469500124287,3.0
-1.1146631148369472,0.9653355525690336,1.0
-1.1710669856934064,0.5515696498208406,1.0
-0.9032227129659401,-0.5693510012881335,1.0
0.29596080603143965,1.836314570893193,1.0
0.4049708755100682,-1.0713447208216116,1.0
0.1854777525192437,-0.8490856174300172,1.0
-1.5994029027459855,1.7231785403623594,1.0
5.8250644693230464,2.9687711651441773,3.0
-1.731351243122685,-0.13611634820904556,1.0
-0.35889902257377415,-0.2540558516322622,1.0
4.384945966827798,2.0747207326647326,3.0
-1.5873852136095006,0.03276630709638678,1.0
-1.488334769145111,0.6946429409574537,1.0
-1.1101695379886931,1.1804825487080641,1.0
-0.9506524115731789,-0.47685289019663224,1.0
-1.3827777637491994,0.2616166289685289,1.0
2.5152431200204353,2.397731293760101,3.0
-1.9726484834497595,-1.5971003573813527,1.0
2.6123538907111636,-1.5595765989299573,2.0
0.6642660132466729,-0.15436697626462775,1.0
1.3394013525061745,-1.2101655490729626,1.0
-1.018345031195309,-0.2638848562831737,1.0
-0.5842916736060144,0.8020512016168035,1.0
-1.2804073385712524,-0.7153713875276477,1.0
-1.314741841372597,0.7580448194577138,1.0
-1.3687554227741345,0.8116929600450316,1.0
0.35735407581736767,-1.8698212594035264,2.0
-1.6480454339690764,0.6026942164816064,1.0
1.0103249396162632,-0.7654500552669083,2.0
-1.184687404494436,0.9963798955338332,1.0
0.990705957955151,-1.5392472879142653,2.0
-1.2714416371938941,0.28953271166504674,1.0
-1.2658132757605634,-0.4174275568257806,1.0
-0.9349093914941677,0.36622555486197983,1.0
1.2944246937246593,-2.130283372081759,2.0
0.14569401475111438,-1.4087998459029407,2.0
0.5036105777914783,-0.18400263000840572,1.0
-0.38507402696953874,-1.7551964031784333,1.0
2.4973802848482194,-1.6473132486548432,2.0
-1.3184687371216561,1.3257700102189953,1.0
-0.9673199642526379,0.27515028014922055,1.0
0.7282521853175308,-0.8576060046505352,1.0
-0.6349584916548603,0.5781234800393391,1.0
1.1654213770462274,-1.2549879153480017,2.0
-0.805349028444471,0.05352736195167851,1.0
-0.8989559134392188,-0.6359704395917447,1.0
2.47823319062698,2.8775089332366623,3.0
-0.8536182246504174,0.9595433764708574,1.0
2.5500167758148837,-2.672761860018879,3.0
-0.9054022671995708,0.5801035839951602,1.0
-1.8505373194917278,0.6029997772472736,1.0
-0.4904354497228546,-0.9312065851988851,1.0
1.3614193556392773,-1.8145360327957474,2.0
-0.796025487222303,1.0314527607523258,1.0
4.053387691297731,3.000558902912637,3.0
-0.520834619820775,-0.07595879717064663,1.0
-0.8825088616146022,0.9019662944588074,1.0
-0.03714677784521908,0.21220931892854422,1.0
1.5851849959878932,-1.3844252378533892,2.0
-0.5229905733127322,0.2974039358263388,1.0
3.4703042484410007,-2.1255837894327425,3.0
-1.0057476798639435,0.16228320266634189,1.0
0.8735321494470518,-0.3072304822919477,2.0
-0.9895045949323356,-1.3330012734926386,1.0
-0.954307642401542,0.34487800693818504,1.0
-1.0974554359878363,-0.5810804522121527,1.0
-1.0478144036896488,-0.5483185877223846,1.0
1.4824970877351962,-1.5640255400722456,2.0
0.12608653200752595,-0.03578739618720661,1.0
-0.9546151631056092,1.12177626609278,1.0
1.157428725737454,-2.0663625180404384,2.0
1.5904713096799616,-1.0783637397480794,2.0
4.229983821922645,1.9529066312740901,3.0
4.454613771061322e-05,-0.9938838547233392,1.0
4.6037280038052115,2.2081564039794137,3.0
-0.9827265382743338,1.4308943287712994,1.0
0.7273406236191358,-1.5737538241279725,2.0
-0.9754727590634896,0.7734255916143435,1.0
0.009086940513894304,0.9475343521683603,1.0
6.490968647813247,2.748143108557991,3.0
-0.26612281693067436,-0.07194470495776467,1.0
-0.31810242135373756,-0.6567384299772412,2.0
-2.051339573849422,0.4526321071215701,1.0
-1.997248161438692,0.2854480390546585,1.0
-1.0765499684584148,0.18406934366290573,1.0
-0.0009061776371943331,-0.14827974748009914,1.0
-0.5354932704247959,0.22007386278574464,1.0
-1.1213779708272154,1.0024413168493806,1.0
-0.26548029322306166,-2.12941667892469,1.0
4.902945792282572,2.802808280761206,3.0
4.485748953687114,2.2338359263018397,1.0
2.2006405643109295,-0.4637629916910526,1.0
-1.3279512196904075,0.05908625677248919,1.0
-0.6899627048745685,-0.7550321314325649,1.0
-0.6075080252071473,0.06266341473272591,1.0
-0.3495535539976816,0.06324980801682961,1.0
-0.7334900720667376,0.28278713323429894,1.0
-0.6910723705802115,0.3525178357036485,1.0
-0.13457413348681574,-0.06255625221330569,1.0
0.8849569336918713,-1.2680191025812335,2.0
0.16749206957978097,-1.7558157554548293,2.0
-0.4762572359509127,-1.5171855228795965,2.0
1.178504822219837,-0.7789085907875727,1.0
-0.8357294299613873,-0.23386709437700345,1.0
-1.3410710813656412,0.6977938716773271,1.0
0.6073165268639393,-2.0875487630587597,1.0
1.4766789503898958,-1.0353586609502792,2.0
2.2845571553081676,-1.8429765907040006,3.0
-0.19792244569120954,0.015277014301514846,1.0
0.8641056066227664,0.277358057732512,1.0
0.7484573404328911,2.471085492256031,1.0
-0.20093850655810183,-0.3459700217776769,1.0
1.6899617402581644,-0.6264891821905135,1.0
0.15615821157976106,-2.1151578933298882,2.0
-2.0086454250917276,1.3948249015778624,1.0
-0.1091505015851452,-0.9221163177955922,1.0
-1.0073339481623445,0.1654588758257723,1.0
0.5368962601590913,-1.637025794452699,3.0
0.14877868567396013,-1.5723739023704986,1.0
0.3336025509558205,-0.9678565482007555,1.0
-1.2785295728586341,-0.032948955357085696,1.0
-1.5646207300952635,1.0620765067220372,1.0
-0.928511417527658,-0.01668546220158429,1.0
0.7180098455676283,-1.1077829976080968,2.0
-0.5871072420757864,0.31025294929312563,1.0
0.36055916770558427,-1.5880152007028552,2.0
0.9358716567374661,1.498708048862886,1.0
0.6156268604974406,-1.376082342388554,2.0
-1.5073246862113336,0.8363732119697792,1.0
-1.2855110803261103,-0.1970186865332288,1.0
-1.0444244413180372,-0.10703766074421492,1.0
-0.8847918124682477,0.10632311369046815,1.0
-1.2577103932326337,-0.6981704232186786,1.0
-0.3242874063421251,-0.4933395627894525,1.0
2.105802170843,-2.312579913701049,2.0
1.5740535031281164,1.4380824812708417,1.0
-0.7534211641177846,1.0552612354232516,1.0
0.16570866895443453,1.938268146178741,1.0
2.4030552267036733,-0.5064752774258148,2.0
-0.40374653632202717,0.7058173308340562,1.0
-0.6331082139328363,-1.8208703383609053,2.0
3.627801818529108,2.4830995790212036,3.0
-1.2369066899535972,0.8566844187098894,1.0
0.37233038501990656,-1.4874850368449395,2.0
1.3147068856733508,-1.7895850137577045,2.0
-0.8209972979058098,-0.6646846713340262,1.0
2.5646164414480634,-2.2606502407708953,2.0
-0.056184166706963024,-1.658956812630996,1.0
0.8720197375711027,-1.8121885640591002,1.0
0.7151130039646979,-0.3812193359402646,1.0
0.9429818890964086,-0.9262792205563987,1.0
0.6249116013717111,-1.8581092341850847,1.0
-0.3778983380864783,0.49502735512756446,1.0
-0.5872645176925902,-0.3349073781162367,1.0
-1.9222498979054317,0.3821153638644458,1.0
-0.7766115882936032,0.6471336100189566,1.0
-0.7678497397127857,0.20145671668105863,1.0
-1.2866730204973997,0.3558356496200109,1.0
-0.8820095886714429,0.30035692554605076,1.0
-1.1174525771534953,0.11244639901381408,1.0
1.2684747937196827,1.2033488139052317,1.0
4.865118179149016,1.6860413796061597,3.0
1.0072472786744013,-2.1825605183723464,1.0
1.1974727813367512,-1.9320351350780933,2.0
2.5427820538089696,-1.856662900156675,2.0
-0.18953250873944405,2.393944608457348,1.0
4.368296416972899,2.6452495343588396,3.0
-0.7595795003927184,-0.25864077403583763,1.0
1.7115443227812999,-1.4267627262567335,2.0
5.994772897887844,3.2319017755723776,3.0
3.8636181377341674,-2.2139749250004948,3.0
-0.45461022739435686,1.1704629736013914,1.0
-1.4253112231280936,0.44029738970762045,1.0
-1.0408976597038446,-0.4567552834580791,1.0
0.17999969010167416,0.15383285010801992,1.0
-1.2532683733076455,-0.3260783123163566,1.0
5.700157835871611,1.9774659669880452,3.0
-0.6357999290990546,1.2601035738406088,1.0
-1.4058784555454964,-0.29794577064984656,1.0
-1.5989409131578882,1.1340859261935503,1.0
1.19514240216846,-0.9423363177057551,1.0
-0.53752627900476,-1.8659295730586547,2.0
3.8711889081260433,-2.3774636766296475,3.0
-0.6104977863408769,1.0501041150634758,1.0
-1.1610844211975557,-0.24252239088557223,1.0
-0.06415430629610994,0.5519979984429206,1.0
-0.7057908789460786,0.1422313900645598,1.0
-0.19364078196497225,-2.3604408388493896,2.0
0.548741811504752,-0.06653016143621526,1.0
-2.5020389874908306,-1.2592097095110026,1.0
-0.1504842317424236,-0.500177461270493,1.0
0.31222426281061777,-1.310331325142863,1.0
0.7453213770814713,1.640445205611143,3.0
-0.14873916906394224,-1.7000935346793264,2.0
-0.2735272209302919,-1.8638304644994756,2.0
-0.1578489978937802,-0.7273375922910905,1.0
-0.12417679521092567,0.492481316184123,1.0
-0.6341767979086289,-0.5332439687884352,1.0
-0.899592847624572,-1.6019324068088154,2.0
-0.21237841778752387,-0.3336675762651294,1.0
-1.0641195121606821,-0.37156035824761774,1.0
-1.9111289780053415,-0.0076730534530017325,1.0
0.4598558730356382,0.8112385716732979,1.0
-2.3053339917095683,1.4829443239646756,1.0
-0.659706248667431,0.3078920853751932,1.0
-1.7618638183753275,0.00988803840592218,1.0
-0.9290569946685567,-0.009038366205488535,1.0
1.9061563078568153,-1.7841233647866293,3.0
5.611392651685568,3.389306418279147,3.0
-0.09391060004333451,-0.6594665666655538,1.0
0.27114133950680064,-1.5751969525031853,2.0
-0.4840411428342314,0.6325397522409042,1.0
-0.8813186538323559,0.6996962905792284,1.0
-0.6983429115802715,-1.0885080038931088,1.0
1.0385999232828518,0.032277189033051615,2.0
-1.0958880595838703,-0.24107150818671885,1.0
-1.2232462497055152,2.2459055813116233,1.0
0.4828923965849995,1.6560774519592034,1.0
-0.8679078628489126,-0.10072538640664275,1.0
0.9947103940780375,-0.7861417038911132,1.0
-0.18316276658473846,-0.11936280126089109,1.0
-1.2676467802288607,1.5525316274385044,1.0
-0.03665842580628176,-0.061554622042741314,1.0
3.3422465966334562,2.4211142768413985,2.0
-1.263878176205679,0.5822435501756643,1.0
2.904717117458613,-2.1160071496637256,2.0
-0.892546919246131,-0.26754390436402337,1.0
0.3252944473691387,0.7758822676687962,1.0
0.36587115350587607,-1.397558782124367,2.0
0.5748018152193641,-1.420611633852473,1.0
0.9537907877691333,-0.7816284593317779,1.0
-1.0385972317732108,1.2345261349762895,1.0
-2.3064692177463604,0.009755469013052798,1.0
-2.9070383272080167,-0.0035354098108995036,1.0
-0.36901589745169017,0.5515964767486337,1.0
-1.167562012313749,1.355120687551377,1.0
-1.3883798437909403,-1.2501114390536305,1.0
-0.6145002023338131,-0.1746297537896393,1.0
-0.8418162078297426,-2.1267344231810825,1.0
3.666541291023679,-1.0794330272420813,3.0
-0.38487996572086264,-0.5569087376184171,1.0
0.37658508578348093,-1.0214430905145375,1.0
-0.04472179338041843,-0.6652557735646497,1.0
-1.7932757058528446,-1.1972463963302247,2.0
-1.540541411890303,-0.032088314505393595,1.0
-1.2633442275148186,0.09130718420190864,1.0
-0.8038357843753321,1.287632601957896,1.0
-0.5366206999307108,-0.8891641369655388,1.0
-0.8034348777563683,0.39513905300626534,1.0
1.4994784107319776,1.1340601974742444,1.0
-1.1368656161907624,0.060912335130533485,1.0
-1.4332989912133869,0.8060178440056471,1.0
2.651084744994064,-1.5041506492964756,2.0
-0.08274421582708213,0.5990220268020894,1.0
-1.4270551655153407,1.6709223946102068,1.0
-1.3640807591416426,0.2945328050945689,1.0
-0.9073850450188312,0.5988819038388375,1.0
-1.0243144357021459,0.9030085296403887,1.0
-0.1931025293034056,-0.22201424668485634,1.0
-0.9015859005249327,0.10636823822165596,1.0
2.481034152762721,-0.7330770910204227,2.0
3.3433540124758006,-1.6163902585963008,3.0
-0.8203872186558231,-0.072906222540288,1.0
3.4130748630863192,-1.024119711370485,3.0
-0.19626973288086835,-0.5640267324018347,1.0
-0.935327980352969,-1.765636652273439,1.0
4.743913956801309,2.751309713608544,3.0
1.896668320978036,-2.440626691045809,2.0
-0.6454151594012318,-0.496314233112377,1.0
1.3769782058920281,-1.3894752967725568,2.0
-0.3866126535687201,-0.39889375005553057,1.0
-0.30955792019053613,1.034321653226767,1.0
0.8543248834731967,-0.09781595206382471,3.0
-0.37738882441031346,-0.3752748930412035,1.0
-1.4875021957111216,0.6324584634826838,1.0
0.21266440391094063,-1.0787921443718111,2.0
-1.200167651339732,0.15024882670881246,1.0
-0.5401080661490656,0.7601945762579545,1.0
-0.27112066027395976,0.47489130144079755,1.0
2.3673068130557486,-1.6018020323159379,2.0
-1.1983795279240603,0.25148731415369574,1.0
1.7896439803942803,-0.41871485059797503,2.0
-0.8999352094189971,0.248332470585598,1.0
-1.4186194784985358,1.1742120845630106,1.0
-0.020958175550935043,-1.4263457000804327,1.0
-1.286422636056118,0.22852164959065097,1.0
-0.3685967862914977,-0.8991960229380072,1.0
-1.6274146314733642,1.6721958998860433,1.0
0.7270573161416796,1.0190945969160823,1.0
-1.3485519731988254,1.995876687167363,1.0
8.142932843651664,2.8583376791917443,3.0
-1.4224662708990867,0.32833579939746516,1.0
-1.1935900204798462,-1.679983243201708,1.0
-0.2938708032645619,-0.09414614835255969,1.0
2.86534829500517,-1.1118231826119755,3.0
4.5190586993858135,2.247006000621838,3.0
0.6044005876265217,-1.3762508762305656,2.0
1.1699225523594543,0.8652958207462169,1.0
-0.08976671276779824,-0.8727631644125211,1.0
-1.3767595206839032,0.7757452355443338,1.0
-1.395301604059509,0.8829838877547116,1.0
-0.7638484540544126,-0.9304983555119898,1.0
-0.36554703364051994,-0.9618212494762154,1.0
-0.07111846794416915,-1.3946963999218138,2.0
3.1166676643018345,-2.053132225649609,2.0
0.49436520846414234,-0.8183535470118846,2.0
-0.9735888138578893,0.946499394976076,1.0
2.960004968222332,1.8310524757408757,3.0
-0.5658074801035028,-0.5076243796975276,1.0
-1.9498652976938284,1.4601840737558869,1.0
-0.5618534242843707,-0.5147237402397654,1.0
-0.6969455134146043,1.0832421720277692,1.0
-0.13543947911342413,1.0930491578549721,1.0
-0.6782057824509454,-0.5281401929503375,1.0
-1.0003169298739785,0.10508745741808123,1.0
-0.9719943169662466,-0.14341448801297202,1.0
-0.8604962286976181,0.22234667672868924,1.0
-1.30108111375925,0.06113761609629578,1.0
0.1360816569023207,-1.7098130071996778,2.0
0.2227373412229271,0.2051977770745738,1.0
2.7137009103295595,1.1033739960728846,2.0
1.8413279600046661,-1.5953056559731489,2.0
-1.3648251275816163,-0.39810936445818856,1.0
-1.5053195988364232,1.4926216875353786,1.0
-0.4045813711883898,0.8066493046153624,1.0
-0.7786547465661926,0.10137245665512931,1.0
0.5654241967364664,-1.9635890394756155,2.0
-0.9641804569192932,-0.6754491517647256,1.0
1.1276367201186788,-1.441953795673211,2.0
2.090953494984357,-2.564822984894382,1.0
-0.8555123287662572,-0.7930732477287059,1.0
-0.5518703257345458,1.0955453292567694,1.0
2.2804449895050514,0.4770052839822372,3.0
-0.3627331514874982,-1.4188131393368764,2.0
3.1281177139685283,1.7777384972900494,3.0
-0.9105950169792546,0.43847820455561554,1.0
0.46557073371322943,-0.1646761815710988,1.0
-0.6388090122710768,-0.6425160224943763,1.0
1.9486581483283267,-1.4182843951587134,2.0
-1.2095976669547115,-0.47115557845781275,1.0
-0.7071059057733746,-0.5626347102217658,1.0
4.988110714334341,1.8539051043498684,2.0
1.356380467203133,-1.8700009650843035,2.0
0.5283749028915599,-1.8946205330237278,1.0
-1.0814879098255878,1.6517231786297417,1.0
8.419931790922439,2.744361864414288,3.0
-1.323331937435986,0.8312087341505808,1.0
0.5033468452760032,-1.620135949609879,2.0
-1.0445606683800561,0.808186659687978,1.0
-0.9773999636630769,2.6754163691825608,1.0
-0.8048945092507622,0.25860922558379584,1.0
0.27783827254490345,-1.8758529779377084,2.0
-0.958974548823063,0.45416033161953795,1.0
-0.29630244896398905,0.8668699944423177,1.0
-0.5669305565051093,0.8240288013264061,1.0
4.2962485320971675,1.764188157520438,3.0
5.132750593576868,2.906219157399288,3.0
0.4836702846421846,-0.9864886206261616,2.0
-1.9118008888996187,0.9569713090147742,1.0
-0.537069755713412,0.2365356291090528,1.0
-0.4853665819131449,0.41835438703638944,1.0
0.5769256119794045,0.2933602974351872,1.0
-1.3590611073039258,0.3834128968211308,1.0
-1.260456736025676,0.5267826750501504,1.0
-1.425908170884222,0.9268564748738988,1.0
0.029500778153435214,0.725748524046572,1.0
-1.601217818663925,0.06850121323056754,1.0
1.5918021468221843,-2.029104200287038,2.0
0.1682958815360408,0.9846352070486566,1.0
0.20427730175566272,-1.7886306452847491,2.0
3.308035762918866,-1.9375809771717534,3.0
-0.6107161560551126,0.5830975404758472,1.0
-1.2666456964599409,2.230699591599592,1.0
-0.7642856938191424,-0.7170469650078044,1.0
0.10161535257301495,-0.37921489234269107,1.0
0.6046421573734279,-0.4233512961241264,1.0
-0.1845987348997315,-1.3597279674450893,2.0
2.0579227077183915,-1.9919065347126796,1.0
1.964256141041873,-1.0539893818333266,2.0
0.6542792910843955,-1.1254703821733196,1.0
-1.1687391746765528,1.1990662798090208,1.0
-0.779728187965603,0.6096640244369969,1.0
-1.501139743255857,0.7019745110537845,1.0
-0.6649518574576928,-1.3360142685310998,1.0
-1.1437537851097779,-1.4283234981463369,2.0
-0.8346580379233166,-1.2466522936800177,1.0
0.07963264722701363,-0.06090085029465844,1.0
-0.9522514765813441,0.3363994310088774,1.0
4.144517365333837,-1.6890989817809305,3.0
-0.7280240978597968,-0.8246387498189716,1.0
-1.096381205075633,-0.42378047612738495,1.0
0.09605310560450608,0.7649813536180379,1.0
-0.9280390139951321,0.6816702147212705,1.0
2.139161378756368,-2.422748236331749,2.0
-0.33804650269539227,-0.09211924894747175,1.0
-0.30960411410376776,-0.003923506633487894,1.0
4.738333373633726,2.4461258553407603,3.0
-1.2775383671704785,0.2752686786613828,1.0
-1.40555380917815,0.31966661390050743,1.0
-0.1971443777800767,-1.8902495978219511,2.0
1.2753358939890358,-1.7818699112487348,1.0
-2.000081384846855,1.1662037132344434,1.0
-1.0110244417668102,-0.30782034713689377,1.0
-1.3362219464673646,-0.6168486351424229,1.0
-0.36288584820151576,-0.6296987013190549,1.0
4.640985771969245,2.672671620822746,3.0
-0.8816830122948817,1.2311867281325186,1.0
-0.3868236963089873,-0.14192896464754226,1.0
-0.5722369134295615,-0.4086649839985688,1.0
-1.5372430768652239,1.0712148465735973,1.0
0.9553546804156323,-1.2192656682636736,2.0
-1.245746301126846,0.579026802677485,1.0
-1.696834351483096,1.5078237294807828,1.0
2.506283696385065,2.045759382935673,3.0
-0.8090104884349475,0.8121727022379043,1.0
-1.686503008667036,1.8583518873070621,1.0
-0.9350273826508377,0.40337239296556865,1.0
4.719096425333893,1.7696141401062486,3.0
-0.26610899407098676,-1.2469023777141695,1.0
0.5224665620622456,-0.10008756883269121,3.0
0.2642680929318192,-0.9908919066325784,1.0
-0.1921113081566926,-0.2830035709533497,1.0
-1.5938538570879974,1.752385669107438,1.0
-0.9273442545905329,-0.1464891117110224,1.0
-0.8292433470355212,-0.7814337149680095,1.0
-0.5446672762306198,-1.1080982092346643,1.0
-1.640049869164954,0.3010588411636346,1.0
-1.3462667725476163,0.8041705155736429,1.0
-1.0852212114608821,-0.7522869998104176,1.0
2.426951855860657,-0.5036705263863637,1.0
0.4395792373790552,0.38725025259719814,1.0
1.8648795795223738,0.2575714164241172,1.0
-0.9093348676007835,-0.30205836787293355,1.0
-0.8152396176099106,-0.08487912317274693,1.0
-1.211125420427075,0.15452988918708951,1.0
-1.4102807297677693,0.6149695071609887,1.0
-0.3414817315335674,1.064418126311633,1.0
-1.8967833355421861,2.056561886517472,1.0
0.7570137634743649,-1.163263882877647,1.0
-1.3097048370439057,-0.6722481956970211,1.0
0.8535700490976752,-1.3268403473296737,2.0
-0.5543651678206177,-0.7353360477107116,1.0
0.19072066680004995,1.076467804222778,1.0
3.753428827417382,0.03444643670461107,3.0
0.07308973355291981,-1.4663255471617869,1.0
-0.9323305727362106,-0.21274722617015018,1.0
-0.3584874043012217,-0.32647512763006714,1.0
-1.1373144828097153,1.3189399308333138,1.0
-1.5272226288790063,2.004674475791414,1.0
0.8730596926681848,-1.6186564013999751,2.0
0.48929713061347685,-1.1160541307862644,2.0
-0.28310367558550875,1.1230641762748672,1.0
-0.6242266790521902,-0.5415280393682226,1.0
-1.2209775672944783,0.12343429663429148,1.0
1.5384617018280726,-1.6858699714007108,2.0
-1.3474186368249934,-0.32376249128157,1.0
-1.0682827596892015,-0.25622642168475485,1.0
-0.2652131590868425,0.7926865496036597,1.0
-0.1724577321749925,-0.4678262719284346,1.0
-0.43588800527229965,1.1437221390497907,1.0
0.3606007274046837,2.003763732552061,1.0
7.7778314742120855,3.219551115946905,3.0
-0.6520878730765285,1.1002813141948427,1.0
-1.4019540911678585,0.6635296152757508,1.0
-1.8707842376862431,-0.31821682808125307,1.0
-0.9541704356100701,0.7623806517370955,1.0
-0.5920549190052435,-0.19883747746157987,1.0
-0.8221920258023874,0.9796103155053002,1.0
0.05624135638201344,0.6217391225337584,1.0
-1.0924891007477338,-0.2176578212811473,1.0
-0.9267462662228728,0.709725408439439,1.0
1.1063512313897186,-1.0089682369724864,1.0
-0.7712490507661363,-0.5658847777048536,1.0
-1.3744628286784204,0.7124736471548683,1.0
-0.9497525075558189,-0.21003461925515082,1.0
-1.1769477858784625,-0.9452646510571321,1.0
-0.46150056234827014,-1.0909266900440768,1.0
-0.46224785955435416,0.24716096045982217,1.0
0.3413645023005426,-1.5783706510713524,1.0
-0.4613704761355226,-1.7986740273281718,1.0
-1.1878134772272886,0.9749627315021601,1.0
-1.183624013763979,0.9764777065530676,1.0
-0.6254821952832383,1.5917747531386892,1.0
2.342142087237674,-2.6044883744409972,3.0
-0.5839890254394811,-0.16432557650699653,1.0
1.0541788317060135,-1.0571295828900298,2.0
-0.9417676741317542,0.1362841958383226,1.0
-0.6382747660816451,0.07707449050333709,1.0
1.269959606624889,-1.0359643792814728,2.0
-1.7583497298295538,-1.345693683751872,1.0
-1.4900455705268272,0.6496169250969953,1.0
-1.673104020522946,1.2241173851478278,1.0
-1.011395783408153,-0.4703209699136105,1.0
2.0391972338135087,-2.278294928229986,2.0
0.3193750859038126,0.3407446479573739,1.0
2.3161559632040136,-1.91034964084569,3.0
-1.4469737967731267,1.2467381649343388,1.0
-0.1072275346937499,0.39156059387532016,1.0
-0.2114681541751008,-1.5277615282213803,1.0
2.4803013539421115,-0.3773943751605667,3.0
-1.0494145611077366,0.7113896780311256,1.0
-1.3807830122583642,0.689142520286206,1.0
-0.9245531727684235,1.0242694513565178,1.0
-0.8748488574338131,-0.09742654568878292,1.0
0.8067635999502263,-1.820505605334527,2.0
0.5946376136494672,-0.3044584316421593,1.0
1.0738907112239358,-1.6885723290033066,2.0
-0.828297896907719,-0.3035900840906384,1.0
-0.9627963531933716,0.37652758372715833,1.0
-0.5106003334572728,0.41812119662332214,1.0
-1.5560110926082142,2.5737337050088303,1.0
-0.9380122355794249,1.6804247256621316,1.0
0.5491205141123083,0.8908268353142623,1.0
0.30920499338481844,-0.7001993242781783,1.0
-1.5765713002619608,0.550636823141215,1.0
-0.5612394714758482,-0.6351564969758808,1.0
-1.9441717702652856,-0.080932651497226,1.0
-1.5162542898177203,0.48270057684641976,1.0
-0.18202400020912154,0.7203345924639539,1.0
0.44263000264923674,-1.3642590612454868,2.0
-0.6173411313192058,0.6936860779084205,1.0
-0.5182527713280543,0.5624274884636004,1.0
1.8753727502731061,0.20622474087683973,2.0
0.387724171099373,-0.947999739254417,1.0
-0.9860121509987341,-1.7124150668652305,2.0
1.978988561757208,1.0339450569471333,1.0
-0.30779735944167674,-0.4947035366095756,1.0
3.876935357494535,1.0715969482036196,3.0
0.6760288906276263,0.028895499251599815,1.0
-1.0635674569596838,-0.865828213517347,1.0
-0.4477416379727508,-0.2622089320133561,1.0
-1.1693945664742391,1.0071874528750824,1.0
-1.4166622261310586,-0.5000437643067566,1.0
-1.3665541146314544,-0.46224157685869516,1.0
-1.820169032397955,-0.4511787543413035,1.0
-1.0032795632340383,0.8080783804997221,1.0
-1.2522408832351914,0.5973081422614028,1.0
-1.39757155195479,1.2534500693500994,1.0
-0.880369419845619,0.5078219876310013,1.0
3.1075839614624075,-1.5304888330364856,3.0
-1.0110574131337253,0.3600835633111036,1.0
-0.4312911709593308,-0.011379937966826015,1.0
-0.5319575333706186,-0.0500195252001487,1.0
1.1787305524730993,-1.213021837408311,1.0
0.6305388245926681,-1.1779242569937545,1.0
-1.3196725890007364,1.0989973174652927,1.0
-1.3186031772564737,-0.6019111719036596,1.0
0.40387376537622144,-0.3442465668353477,1.0
0.2678945843124152,-1.0124643705627703,1.0
-1.760290028733362,0.6582838521987253,1.0
-0.5277403728876852,-0.8563508950296969,1.0
-2.1464841296318244,0.569866003603904,1.0
-1.2592388220968487,0.8502301370752313,1.0
-0.9125130935595839,-0.12044006814032737,1.0
-0.9742430330735949,0.09988111101284414,1.0
-1.1267385969545916,-0.08237818730296786,1.0
-1.1392664055360293,0.5823834105053127,1.0
0.3081573200973628,-0.8029009520780965,1.0
-1.4225088208404566,0.2957400664031352,1.0
-1.032621164169531,0.31770104594276094,1.0
0.6900774928153183,-0.5506100199776796,1.0
-0.9668142620883986,-0.035265170933909684,1.0
-0.05296032296147074,0.5386374976571823,1.0
0.09404591967284881,-0.6970140471025856,1.0
-1.5475903327460594,1.5276946774657174,1.0
2.6268002238398314,-1.4573836645030782,1.0
-0.3659220184874844,-0.37803573232522486,1.0
-0.48719710792985593,-0.7862438776436207,1.0
-1.3177712500962802,-0.21528105801774958,1.0
1.3903963830364068,-0.8453993798724382,2.0
0.41928666902163747,-0.8004539029511677,1.0
-1.1805687302989625,0.14493277908291358,1.0
-0.22617936400519412,-1.521563694880985,2.0
0.031065146599617677,0.21493111572814394,1.0
0.11281194306845763,-1.4849710186050815,2.0
1.5612088706460678,-1.6658305858141722,2.0
-1.234992745513669,0.1691630006890864,1.0
-0.4053809085791895,0.10673052913077163,1.0
-0.3438451004539749,0.29419191630471697,1.0
-1.293809119638916,-0.8587498206876901,1.0
-0.5909130026179115,0.25723740032197784,1.0
-0.6281135728910838,0.3392860360037471,1.0
0.5435559386919134,-1.5999500710588466,2.0
-0.10287257397250166,-0.8829200465552791,1.0
-0.24681027405779932,1.2191494753179581,1.0
-0.23528779758196772,-0.3080140267763719,1.0
-0.7719615097607423,0.7053941468534535,1.0
0.0953130727463001,-0.41908539701136505,2.0
-0.24346355007058174,0.026202361336378044,1.0
-0.31366144454882294,-1.4211062908501677,2.0
-1.265974443692026,1.0622534564100874,1.0
4.60215314388671,2.945691145260877,3.0
4.162835350268834,0.09949366120674494,2.0
-0.16365409544813178,0.4251082218730298,1.0
0.06144303676931681,-1.614659834469494,2.0
-0.9252403437505317,-0.3033283456204503,1.0
-1.345849484047763,0.9290958491271343,1.0
-1.0812336805248455,0.9844902821467162,1.0
-0.977954956894873,-1.5808779949931013,2.0
-0.5075254070194628,0.7273155017897317,1.0
-0.9795634643849987,0.9898319171024187,1.0
-0.8426830565884099,-0.8423860044317006,1.0
-0.8575346103442457,-0.2669017948754719,1.0
0.12960209761945157,-0.6828267267202189,1.0
0.3785811127476259,0.6109576807897044,1.0
4.145977399944424,1.3211240492404641,3.0
-0.6078429293105683,0.597139468658985,1.0
-0.37480143123200493,-0.8391438090075874,1.0
0.7960189885825261,-0.5369773170004732,1.0
0.5890271720135253,-1.2239990651291215,2.0
-1.240305711654683,0.5113928713175036,1.0
-0.7489151045501252,0.17040067331807995,1.0
-1.1397236478650201,0.2258800126277185,1.0
1.9777099199403627,-1.9709116749416016,2.0
-0.7222378648772563,0.691051811443394,1.0
-1.2833465730493316,0.5607296168995863,1.0
-1.047187477263755,0.9777564665334464,1.0
2.0984090534100837,-1.9511169062086002,2.0
0.19763060618855324,-0.20630505680143463,1.0
-0.5409421368305969,-0.7929779648120995,1.0
0.16057094994733573,-0.6388324924033787,1.0
-0.8583472375447292,-0.8074372205715817,2.0
0.06800988129817853,-0.9093839227911795,2.0
-0.5815431897099808,-0.36180420584498674,1.0
-1.5830996601900087,2.0399875983336373,1.0
1.2750296525811344,-0.5891562404090662,1.0
1.0535639395972551,-0.7384056407422497,1.0
-1.905684995972415,-0.04951932730620112,1.0
-1.670936929987096,2.3786507896527906,1.0
0.31682889219108723,1.1928070370056199,1.0
0.7995131251646562,-1.5611098311945097,2.0
0.033840106609944465,-1.3464105615229207,1.0
-0.7422117325641393,-0.21784499711140676,1.0
-1.9703984350015415,0.6909495158625055,1.0
-0.9228213199706051,-0.06200161584109038,1.0
-1.0331056565758654,0.45588084024882114,1.0
-0.16670681716619642,0.5626856239320959,1.0
-0.6498639121638533,-0.5770178763347416,1.0
1.9661149459429392,0.8365838380958159,3.0
0.6105985879805784,-1.1430774963759975,1.0
1.7063699634104588,-0.6210923911535228,1.0
1.1356649565108725,0.005812957441326538,2.0
-0.4793993092365594,-0.4526384945767192,1.0
0.6645008789061133,0.8612781207018851,1.0
-0.9564922254815038,1.0614142255309031,1.0
-0.9797746897145734,-0.5770266483277886,1.0
-1.2306265105415681,0.36034765185511064,1.0
-1.0575346658167648,0.9466867222364816,1.0
3.2924671607728895,-1.9500151834291068,3.0
-0.5554862815353078,0.48170988264070336,1.0
-0.4120987987918425,-0.02526949452348204,1.0
-0.8926889874656461,0.042833609099983266,1.0
6.201547422277859,2.522988810622748,3.0
-1.0430025841633155,0.28207047277108477,1.0
2.933625239183053,-1.4772306403107844,3.0
-0.44715195970090715,0.4064610606015553,1.0
-0.11071846123098872,-0.29818570283270657,1.0
-0.8343023182363718,1.0826045099624464,1.0
-1.2567424572771717,-0.7657383146364466,1.0
-0.10953135485918289,0.601521545786819,1.0
-1.1012088559708975,1.008451803317806,1.0
-0.22691432727807254,0.02285960371600909,1.0
6.141403911492275,1.838546828590934,3.0
0.12657716344774098,-1.163190488780342,2.0
-1.2515615928900234,1.2431010242322946,1.0
-1.8467117385840839,0.863803519914609,1.0
-0.8192588738482667,1.9067354550724867,1.0
3.832656039442098,-1.678963139978411,3.0
-0.8766691209958786,1.0089114745363499,1.0
1.778628180791836,-1.988417642056158,3.0
-0.03226681032686085,-0.45254586304345756,2.0
-1.0587150275159214,-0.2758672996143037,1.0
0.2883522851176714,-0.27176310362535633,1.0
3.3939600723916445,1.9886380359617206,3.0
-0.8963865090242015,-0.05364732650615961,1.0
-1.0180262095919748,0.263047415105143,1.0
3.1613651517382237,-2.1948621744020684,3.0
-0.8126877322965063,0.9400090306642663,1.0
-1.0368622810065038,0.6698289712405527,1.0
-1.1829527971591194,0.7401612343834271,1.0
8.152008884467197,2.526489681087434,3.0
-1.1706141515442785,0.35518890326014063,1.0
-0.7248814012019928,-0.021462351878014096,1.0
-0.6180367802462765,-0.21883041630841377,1.0
-1.090069339130177,1.086305711963043,1.0
-0.5366206999307108,-0.8891641369655388,1.0
-0.7744781951552884,0.25169621643026796,1.0
-1.4314748393868129,0.7671226413247128,1.0
0.9505150944353608,1.9602861853569813,3.0
1.284232918224997,-1.2121408664942204,1.0
-0.24174111340067997,-0.08041814145845891,1.0
-1.0098607385197398,0.34249721454126625,1.0
-0.17078635520203028,-1.5951665286476129,2.0
3.7517402480048543,-0.07225827415990962,3.0
1.1281557085793064,-1.069234412139082,2.0
0.18751057992490927,1.0253363251388632,1.0
-0.6587741438132041,-0.4921675732119994,1.0
-1.6517396419892423,1.1717995679369317,1.0
-1.0287278822566497,0.2709893734685106,1.0
-1.5481748236147252,2.826251283600157,1.0
-0.28693775572092484,-0.047990418029362936,1.0
-1.1670509609202813,0.9901940502777071,1.0
-1.5020817013272119,1.0485017317592913,1.0
0.9149877840022222,-1.9169553871445741,2.0
0.10304472297549583,-1.5287268454199254,1.0
0.10480262731079343,-1.7238658029787184,2.0
-0.4445900121289225,0.7754986698696428,1.0
0.4819130706900767,0.11101841991243772,1.0
1.4725671609960476,1.0959297577719025,1.0
-1.1475775758492046,1.6143682343039447,1.0
-0.5751529098673257,-0.15501411860785352,1.0
2.3990345355579237,1.6869578372501366,3.0
-2.251312953199999,0.18874479305505507,1.0
-0.8669035385957391,0.755373449743871,1.0
-0.08633185712350289,0.3433497065187462,1.0
-0.8234843166011911,-0.48402930567312974,1.0
-0.7715798283723366,1.5331434499912493,1.0
1.4096995843406117,-1.8103105499235579,1.0
-1.3782945461168852,1.0231005036476164,1.0
-1.4882033497891058,0.04067224386405349,1.0
0.07318299675495016,-0.3003384889567783,1.0
-0.13031609890803242,-1.1836643410627914,1.0
1.0080889200859848,-1.520776383814471,2.0
-0.6452556131890358,0.16855177908813784,1.0
-1.550236094954816,0.47567868125738555,1.0
-1.3527602468836366,0.4891614567443805,1.0
2.1458226667520424,-2.261447749311915,2.0
0.5121803724026387,-1.3470647835978042,1.0
-1.272358990552786,-0.22418338014142108,1.0
-1.8536358563552153,1.5501047802427075,1.0
-0.43229374824103983,-0.2345372693041242,1.0
-1.426675353148336,0.4465750944353062,1.0
-0.8774672465815573,-0.4525276563444075,1.0
4.151872076251302,-1.4854783474883413,3.0
-0.09471743592038621,-0.2030325778325301,1.0
-1.2517578988430227,0.6407145723194355,1.0
-1.8137395705573462,0.40725501459071145,1.0
-0.6153104552708544,0.7833911177807218,1.0
-2.1487975241439994,1.128862195935642,1.0
-0.7488044916235166,-0.3059822729365125,1.0
6.333213237991432,3.737579651395974,3.0
-1.2085799452071264,-0.6328568410876483,1.0
-0.6612057935887548,-0.15422755470302632,1.0
5.856408492027134,2.9701764910413324,3.0
0.4390893455989099,-1.164572234281796,2.0
-2.0234030117404376,0.9526538331615766,1.0
-1.5181724044642113,0.5408299898488741,1.0
-1.6235019835540807,0.49524940051891675,1.0
-0.3482335401161444,-1.0621458561858559,1.0
2.473864579982326,-1.7100048124972893,2.0
-1.1385877978292345,-0.2294542903758094,1.0
-0.5265179852829939,0.15168636928997392,1.0
2.104878226770317,-1.8919115205479533,2.0
0.013874801324217922,-1.3322769000912882,1.0
-0.963912339054888,0.8497445636468302,1.0
1.410659721206827,-1.238908507052409,2.0
-0.03309793899158797,-0.5278052969899567,1.0
-1.4399623184340429,-1.4122708863967983,1.0
-0.6845156829096679,0.5006245614449796,1.0
-0.6514510247732657,-0.9397376257719544,2.0
1.2179951297442275,-2.241599537438405,1.0
-1.2114766131832664,1.9710945033684024,1.0
-0.8536182246504174,0.9595433764708574,1.0
-1.746384043042139,0.8676795981662611,1.0
2.066374106249015,-1.9481771340971215,3.0
-0.6970459880085863,0.6983539371864532,1.0
2.9835045622325924,-0.9040101613800924,3.0
-0.23613596345913151,-1.7242155507287613,2.0
-0.4875513625182737,-0.8807358408416999,1.0
1.4520081054117084,-1.5413699661595621,3.0
0.8522136986574093,-0.3844917593331136,1.0
-1.4464228349378319,0.4521793896121136,1.0
-1.0793435194697705,0.26742430167711806,1.0
-0.9454306650675194,-0.27115570242819387,1.0
-0.5071199474024715,-0.09825462663188056,1.0
1.1488496248154259,-1.7105058260988686,1.0
-0.35211909293585897,0.21088551353400153,1.0
1.9343706746584766,-1.9847446160868478,2.0
-0.7147991362400564,0.28088046361246555,1.0
1.2004631063013689,-1.4667118244174984,2.0
0.18580099387111726,-0.4635253903644987,1.0
-0.5383239943766203,1.135486828485959,1.0
0.5429011685329448,-0.7729487074678872,1.0
-1.0456331184411483,0.5393384200751453,1.0
-0.5145202842489183,-0.31127645355705413,1.0
-0.9840288282515681,0.20197052819219918,1.0
-0.9853267873788514,0.24237769282168012,1.0
-0.8194934419984532,0.6146899889033512,1.0
1.1541800261403496,-1.114212204164599,2.0
-0.19610626231682854,0.08256092944685778,1.0
-1.0395391026599075,0.8029740328355326,1.0
-0.49535937548559056,-0.2540036357632909,1.0
-1.110946217232222,0.9848325105853885,1.0
-1.1122021907690496,-0.5378244507198056,1.0
4.568218561760545,2.883188345665209,3.0
0.8359865504531924,-0.90444924704669,1.0
-1.7722787811078895,0.7560376329276247,1.0
-0.4223357610353938,0.6848829195145739,1.0
-1.5196914107587078,0.43653056456487827,1.0
-1.590950148437149,-0.3221601428014593,1.0
-0.9454630874249528,0.9812603430650823,1.0
-1.0498584551435188,0.7144811079949069,1.0
1.0079137714950528,0.1677275013506418,2.0
-0.06272328439635255,-1.6319176213582505,2.0
5.612645257756391,1.4980354406392609,3.0
-1.1271887681827035,1.8338585105738217,1.0
1.9468900410843455,0.7719109048787223,1.0
-1.3924168992815047,1.0549674235286381,1.0
-1.070740436405908,0.7861089189681235,1.0
0.5550652204235385,-0.493530316516184,1.0
-0.7960893915657294,-2.2333696213251697,2.0
-1.2061738976988137,0.8972554293576315,1.0
-1.794797813977652,0.48371973215548014,1.0
1.0514227807582297,-1.2149618747312871,2.0
-0.06452993522151015,-0.11973709875837946,1.0
0.18643187027074648,-1.251397946225723,1.0
-1.1973567827260325,-0.005012609222952685,1.0
2.9252966441765436,-1.955581565022872,2.0
-1.9706619437205766,0.8813912609454069,1.0
1.075683565479779,1.4231755591928226,3.0
4.7559603832667126,2.299428426981268,3.0
-0.8474547652576182,0.15211710986518878,1.0
0.026328704358263733,-1.0679424966422428,1.0
-1.3539173016620143,0.22163307062612556,1.0
-0.18131232819593815,-0.8240029546955095,1.0
-0.9933293378105573,1.039801886676753,1.0
0.11660954875299802,-0.808719831013202,2.0
-0.5681667386708775,0.3413266722824391,1.0
-1.1775572966025285,1.8659134500003056,1.0
-1.2003866146480142,1.3590024753565833,1.0
-0.6992634071597045,0.13996046187347294,1.0
-0.2644716162664674,-0.6563853392599662,1.0
-0.6175404867768781,-0.41989048611933605,1.0
2.3100106115678134,0.8218848460409631,1.0
1.2797412564487838,-1.412717248089765,2.0
-1.2332534461295879,1.028511131350708,1.0
-0.8277269969752461,0.2757484804143707,1.0
0.10273405353065948,0.09704895682437487,1.0
-1.3240474244522085,0.2795600075802233,1.0
-0.7086273947208999,-0.025601909711696957,1.0
-1.5017820044401566,0.8552224864308554,1.0
-1.0829080918756373,0.42183557598632465,1.0
0.7593543817682276,-1.041682368290206,1.0
-0.008084413620681852,-0.565812003576438,1.0
-1.9088788451257483,0.6294656068624924,1.0
1.4824970877351962,-1.5640255400722456,2.0
0.18645862887912368,-0.914537841433485,1.0
-0.17095381936434748,-0.6166588664826329,1.0
1.1874706366977865,-0.8148012905314015,3.0
5.795235971395179,3.240842665837648,3.0
0.31798307710825235,-1.5197912170396743,2.0
0.19764411519882263,-0.6830227661361923,1.0
-1.321424244823425,0.5011282883937063,1.0
-0.6659087197440618,0.01633513272158149,1.0
-1.0080533368183742,0.8931280204237371,1.0
-0.8125963038797475,2.0299615177115338,1.0
2.6793792333735356,-1.5542231643660112,3.0
-1.0168769853466715,0.4684632965329975,1.0
0.28870385098256157,-0.4200570540839975,1.0
1.8186974410625685,-2.057281574462994,3.0
-0.22490977672001275,-0.022406849363148573,1.0
-0.08582212527518429,-0.14458406624072884,1.0
-1.2613379029328746,0.32745366025404427,1.0
-0.7017147421333767,0.6055598374060104,1.0
-0.6645887038271606,-0.3880550672389951,1.0
-0.5458669908452974,0.6657076198345145,1.0
-0.36664200738674035,-0.4823752149789537,1.0
-0.10463981677838019,1.234175088078908,1.0
-0.9605266356344577,-0.10252019724663289,1.0
-0.2750467108098936,-0.93317871781904,2.0
0.004364483280099918,-0.23493110380775706,1.0
0.22190628903902868,0.7848004025112312,1.0
0.006099507663471837,0.5927724265059069,1.0
1.9087786616342937,-1.8484325084773658,2.0
-1.4217087241027213,-0.6527299901482755,1.0
-0.7027674352462265,0.8346667568695625,1.0
-0.46701876132125575,0.7459462281577347,1.0
-1.1668537806683363,0.11857358333724494,1.0
-1.2250750602292704,0.8439477861063092,1.0
-1.0113656445408186,0.2597689373749793,1.0
2.397391721450013,-2.3540072379773505,2.0
-0.7616433568809442,-0.5497650751102341,1.0
3.271651312556809,3.807626646049121,3.0
-0.6279430114696977,-0.0807840057791257,1.0
-0.10277388536670823,0.5295506152910214,1.0
-1.6409891596351351,-0.5479447899849272,1.0
4.564587531714859,2.170751587090186,3.0
-0.40381137559901903,-0.026107120574624817,1.0
-0.4129331657572494,-1.2411985277990163,1.0
-1.5691083697412433,0.46413568341793776,1.0
-1.4205624017350913,1.7201636846634618,1.0
-0.31996124498842127,0.24943529217302995,1.0
-0.9396886666615669,0.38754830047104905,1.0
0.8069945630283384,-2.162762179305578,2.0
-0.3217763788600176,-0.5785254366321355,1.0
0.1410428418994143,-0.057190441609003814,1.0
-0.5992365458258603,0.6569692771916003,1.0
6.572560987820927,2.7511807089042972,3.0
-0.8830618214576962,1.4585480278438536,1.0
-1.57338458859472,1.321603959839765,1.0
1.7278567617651583,-1.8424488759145188,2.0
0.23566612036533038,-1.6151951647967124,1.0
2.1312831186816092,-2.1842870146275075,3.0
-1.040130839223794,1.7825233063115689,1.0
-0.44843676990904746,0.21225443804687005,1.0
0.3465160549407701,0.570440216188859,1.0
4.493171512744038,2.7385990186974523,3.0
-1.5214463646318546,1.0058745564734957,1.0
-0.5506921163379801,0.14617306202312308,1.0
0.7169991932325267,-0.05191801323293929,3.0
-1.1097650968336776,0.4574410940897635,1.0
-0.673985522478657,0.5085605952522302,1.0
-0.8360747420112775,1.3778838326334448,1.0
-1.0184959457281497,0.5174694565605242,1.0
0.5320154015608658,0.5984747349887841,1.0
1.9019915895291526,-0.1428129493390866,1.0
-1.3708771495138374,0.9646783433043437,1.0
-1.0866235302351963,-0.2633817683235893,1.0
0.4686378836357995,0.010966803018556126,1.0
-0.7383565848659366,-0.08568339371220929,1.0
-0.4210668817626728,1.3408106082092988,1.0
0.00046253708626742274,0.038090806320854875,1.0
-0.8103762569643828,0.7085168972545183,1.0
2.7875660261205626,-1.6212673588874909,2.0
-1.0289749191494504,-0.697191043932486,1.0
-0.18594201712062605,0.7139347354323387,1.0
-1.2351874119470025,-1.0485954479780863,1.0
-0.9993836014920869,0.4685010941898482,1.0
0.28409863650709366,1.641730622256448,1.0
-1.2532173599611278,0.2414603611559084,1.0
0.5087634193295237,-1.7500652593635926,1.0
1.4638354185132025,-1.8669223192392352,3.0
0.42827775595842565,-1.0719672074327378,1.0
-0.7913458083217344,-0.5122331745955341,1.0
-0.27330892654614597,-0.0996093164581959,1.0
-0.02813311693684284,0.11652327193076922,1.0
0.7385601202777933,-1.0951875469344134,2.0
-0.2789976647969581,-0.23960138820629362,1.0
-1.398328595042238,0.9199759842106232,1.0
-0.7084222464656035,0.3301648917915842,1.0
-0.3898917658641834,-0.3336234150014659,1.0
-1.2014622669754345,-0.0023956252389303323,1.0
0.05171688330939789,0.669120943788694,1.0
-1.2962749356572494,-0.04266849922067284,1.0
0.04218589833621057,-1.3072717645689382,1.0
-0.8999990029841636,-0.6897203703912351,1.0
-0.9873213667182998,-0.46270655193022914,1.0
2.084960996189539,-2.182758244209294,2.0
-1.3064463366809427,0.23825985889434498,1.0
1.1504775304971697,-0.32660256044849933,1.0
-0.8912902127289775,0.49793833291025313,1.0
5.401080991052259,3.2327873754667587,3.0
-1.3420488928648844,0.9270966247702273,1.0
-0.29285827516044605,-0.04643894925249126,1.0
5.927128029100667,3.2785621318354434,3.0
-0.2912278815367119,-0.42608258442857383,1.0
-1.1479936236323434,1.048717440773949,1.0
-0.5790409631559323,0.21478765669562944,1.0
-0.8774918992848002,0.37090156425030707,1.0
0.15750658170009404,-1.106561691990157,1.0
2.1807624959506016,-1.3931723456306722,3.0
-0.8804709167236378,-0.2081910966043063,1.0
-1.1824979537425842,0.38395140655565557,1.0
-0.35773052825942064,-1.4774869981060095,2.0
-1.3017008972079156,-0.09434593825088727,1.0
-0.5276094300622738,-0.36851774729928266,1.0
-0.756268474040376,1.6356287461340946,1.0
-1.3412722060184106,0.7043014661157179,1.0
0.7648289245263281,-1.6890043978217002,1.0
-0.07430916146977212,0.5765566058122913,1.0
1.9046608074027855,-2.3208876944369736,2.0
-0.16879841745943258,0.05912482660346094,1.0
-0.8757922363268144,-0.25174971935704016,1.0
0.24522558017219864,0.1809091862385908,1.0
1.4682321083382202,-2.206032089904912,2.0
-1.4241016080975308,0.7128844688327165,1.0
-1.2948702217655403,0.2469468679873505,1.0
-0.7005497616445444,-0.47037725169212585,1.0
-1.4127466562988236,0.18360712659665235,1.0
0.1847328848721766,0.7353481053394793,1.0
-0.46465515618592435,0.5809379706151699,1.0
-0.588875952615098,0.6751331649544261,1.0
-0.2992883141188334,0.3621911112413071,1.0
-1.1429848491638683,1.7837858632349013,1.0
-1.0643388082950667,0.8667721377089294,1.0
-1.3299451992312934,-0.35824169238476244,1.0
-0.22775813329553962,-0.1164746236101033,1.0
5.410650380448198,2.401411433294826,3.0
0.13800226945933264,0.613102973046755,1.0
1.7535146910324761,-1.0018580569602804,1.0
-0.47793794307600096,0.25879322570956126,1.0
-0.3207190046962173,-0.1517211206193796,1.0
-0.6701203243567382,-0.5576071282055866,1.0
-1.6694983288231353,0.42047273886333947,1.0
-0.7887531804307513,-0.15183785666313454,1.0
4.3366611232057375,1.8869560470421618,3.0
-1.196462848217855,0.33736695747453704,1.0
-0.8681867450214363,-0.5592764374067796,1.0
-0.2951865089288901,2.022159643713528,1.0
-0.8146852551767291,0.34023315282385413,1.0
-0.29444731236085997,0.5098936647600001,1.0
-0.4728029593733651,-0.8111405706273227,1.0
-0.36221906482514743,-0.9589091539526493,1.0
-0.15964938017613087,-0.6542050785308505,1.0
-0.7896192283169254,-0.19202584725615804,1.0
-1.5598249417765762,1.3708144433210148,1.0
0.3186530172588323,0.7903724750737706,1.0
-0.11081459644960517,-1.5282174518890992,1.0
-1.4661610024411014,0.4143737588618312,1.0
-1.4519110576364664,1.1542569324639251,1.0
-1.6161433038779438,0.8574519591129918,1.0
-0.8873609154696105,0.4680773559475692,1.0
-1.687257568475868,0.8610687657060799,1.0
1.9339939300777549,-0.5588913721835255,1.0
-1.7656001870938383,0.9327620944642756,1.0
-0.9243916649590557,1.2508613349992712,1.0
-0.0016873345418573493,-0.13677493639602578,1.0
-0.8080154402033223,-0.10178251220132406,1.0
4.26556153486829,-0.021456043963293647,2.0
6.333789383497648,2.860968308553753,3.0
-1.4208196612969606,0.7910982933614632,1.0
-0.6868612502985709,-0.09958581976606529,1.0
6.398045363073713,2.4811728996028153,3.0
-0.6252926895904307,1.1569650447963689,1.0
3.8711889081260433,-2.3774636766296475,3.0
2.373706506378483,-0.7702251178035794,2.0
-1.373055229523133,0.6720214631951208,1.0
-1.7705573395665857,-0.5054851683956951,1.0
0.33439715456968544,-0.35761319704960265,1.0
0.17259740318239905,1.939350485707687,1.0
-1.7678813263324105,1.9524487877590069,1.0
4.946815079204425,2.2683001918559795,3.0
-0.7801070241959753,0.8726085514669292,1.0
-0.042635726759188586,-0.014050804608721101,1.0
-0.3484580315090576,-1.433587866986572,2.0
-1.0837402375969831,-0.3106027644528684,1.0
-0.21114321061452246,0.8734018457769274,1.0
-0.5551210257104244,-0.43369099253631166,1.0
-1.685920424344152,2.6044450651836737,1.0
-0.2407136707855344,-0.4365509751193617,1.0
-1.1361086217009282,0.9294767480762118,1.0
-2.0467994100588394,0.738031044232057,1.0
-0.1935563098684559,-1.0605707795091277,2.0
-0.5559336983779548,-0.3379305945445087,1.0
-1.039945737336319,0.7887592754623982,1.0
-1.1908890220886679,0.7953823647851406,1.0
-0.09710552941895001,-0.9980766107356669,1.0
2.129010285918553,-1.3329831814103925,1.0
0.4671260981141808,-0.5196147499935364,1.0
-0.13651275845448674,1.2737248159416166,1.0
-1.3373286141928027,0.593678432356522,1.0
0.7613700826744816,-1.398485067325054,2.0
3.593378062700065,-1.0324921555793471,3.0
-0.73777917759863,0.008914436792005237,1.0
-0.43564371403537416,0.9096231816808404,1.0
1.8125187120193067,-1.1362443074389277,1.0
-0.9249588652436811,-0.1530952888714313,1.0
-0.559350547326334,-0.6959347975271978,1.0
0.31750133054453183,-0.7332785045606389,1.0
0.2323972147671478,-0.25640614960550545,1.0
-1.313896265486991,0.9880498298934596,1.0
-1.4042173518208503,1.3628522333696738,1.0
-1.2023379834602215,0.528145864593734,1.0
-0.3872900728590565,1.0233086101562152,1.0
-0.9652745479835565,0.36413953898547446,1.0
-1.265747421506333,-1.881174164700416,1.0
-0.8671280524452596,1.6432605785787449,1.0
-0.9932577494971208,-0.32678260081156896,1.0
-1.4635161913047179,-0.9191678357955053,1.0
0.19066598422038394,0.867008636594814,1.0
2.2173026826092204,-1.4043047682632774,2.0
-0.2889265825188295,-0.0972446752687976,1.0
-1.2007426918244652,-0.8503528512766183,1.0
0.43125132506275027,-1.685931904049117,2.0
-0.7015220221659,-1.7952811846757335,1.0
0.6141633768774513,0.26152994508665595,1.0
0.611802454299389,-1.1691878368246982,1.0
-1.2940438350805041,0.19732517854847936,1.0
-0.8474562766852207,-0.18324602552933345,1.0
-1.7371449432561348,1.412554474726722,1.0
0.02179168540477766,-1.0734182622692268,2.0
0.46061941121801175,-1.0984364872915062,1.0
-1.259078686677635,0.17201900616041682,1.0
-0.9309365790935736,0.7122766694128344,1.0
-1.4924024989726552,1.2462216958881625,1.0
0.21965857955764861,-0.9909635935685356,1.0
-1.15815440233688,0.14906041427221284,1.0
2.8592745307363803,1.8358526950786203,3.0
-0.2551492013875371,0.11014524118317559,1.0
-0.40195515962984496,-0.10199161189041267,1.0
2.173941678700276,-1.6427367085365552,2.0
-0.3970605684924087,-0.8507625526053089,1.0
-0.36817274158378904,0.2793267713055807,1.0
1.0009984791627737,-1.881726187812495,2.0
1.3609258427461235,-1.1822663589121345,2.0
-0.7142239667509773,0.2727554468484923,1.0
-1.7989643986533201,1.789002630429966,1.0
-1.5315147404464473,0.555042266378992,1.0
5.271760291649405,3.0000954627879945,3.0
-0.21833594773070195,0.8504772016931542,1.0
-1.6580908908428549,1.1889897617989968,1.0
-0.5026591827787661,-0.5586982733950778,1.0
-0.9809336734757659,-1.119519753784485,1.0
1.279745231279434,1.0408003711072613,3.0
-0.8271831704094332,0.5414215399456807,1.0
-0.3630684399140164,1.3068668452998549,1.0
1.4757272541221036,1.021567888286296,1.0
-0.7244468661882884,-0.23119814906194242,1.0
-0.791363918293245,0.810252072715861,1.0
6.1514896897252775,3.38969177142427,3.0
1.5997029885533194,-1.8900187880868877,2.0
-0.7860522841253924,-0.12345545564534882,1.0
6.617683880105609,1.9277086294486918,3.0
-0.5369499842677894,-0.1692341511939705,1.0
2.711095605939488,-2.2390931591805865,2.0
-1.9283880789894146,0.3920205392450944,1.0
-0.9610953898859803,0.013757488221016884,1.0
-1.0311264997530691,0.559002802024017,1.0
-1.3188634573546052,0.7880422884519427,1.0
1.6303209625127395,-1.031608512077919,2.0
-0.8487942612025674,1.8180886126514002,1.0
-0.5892058691950058,0.04366990300409662,1.0
-0.1194128451091509,0.08768905969205601,1.0
1.0821234991712931,-1.7255182646325231,2.0
3.032094730846856,-1.8718474986894518,3.0
-0.43880732116117127,0.5607732497493683,1.0
1.1823816227323036,-1.584653569278316,1.0
-0.7889295085355387,0.2717311656564074,1.0
-2.4520804241301404,-0.3099338926872302,1.0
-0.8479493064138561,0.15312704857554438,1.0
4.292772738430631,2.749385493477544,3.0
-0.9830918223853911,1.8264766611133842,1.0
-1.2118116154734007,-0.39340437449617216,1.0
-1.3340065519216595,-0.6683325571379116,1.0
-1.2928882987172416,0.6605580328363403,1.0
-2.3189470364033875,-1.0439273324362994,1.0
0.17919947980209774,-1.5930394754936241,2.0
0.5305187030838197,-1.911276624695052,1.0
-0.5751529098673257,-0.15501411860785352,1.0
-0.6131976974455717,1.0408331977205445,1.0
-0.7006951227281866,-0.12337300036456478,1.0
0.4720449032687532,-1.2989787600515328,2.0
-0.9714324145227636,-0.2280118654876685,1.0
-1.411940647283752,1.3316192290209012,1.0
0.2168784702693629,-0.7173160821966202,1.0
-0.5201362495675784,-0.5040128435003235,1.0
-0.8279766210464512,0.3952128153315326,1.0
-0.8942545284526545,0.4403847633376377,1.0
0.29167135866530025,0.00796678608372961,1.0
-0.8673630947107781,0.6571879427650813,1.0
-1.312855838237256,0.5876151927878044,1.0
3.718724317071058,-0.13522903071052103,3.0
-2.261447018994212,0.032848228220838785,1.0
-1.567570099876518,1.0458434910653551,1.0
-1.6593123271765293,1.1784415814522817,1.0
-1.198346392923347,-0.061293374103006185,1.0
4.162339365298556,2.8519683513621352,3.0
-0.9974434360966842,0.6516450589285107,1.0
2.0098135742133345,-1.667192940983468,2.0
-2.463638454331429,-0.42391412270686935,1.0
-0.33242330829820754,-0.8970648106856302,2.0
-1.2451007144264452,-0.4096195172847025,1.0
-0.05548098065974508,0.13043447299030664,1.0
0.9041284326755057,-0.4655766644493374,2.0
2.518234644153725,-0.47247616618094257,1.0
-0.14363670531810646,-0.7937394259989892,1.0
0.4914710331003249,1.2978104049709807,1.0
-0.2411871972016879,0.25962933077900774,1.0
-0.13985900652258976,-0.1010983911665439,2.0
0.6771377330977378,-1.224565799709227,2.0
-1.1606114627401567,0.38552883832876406,1.0
-0.7601654086920949,0.209240388916209,1.0
-0.7746657844812881,0.11408712908929741,1.0
-1.45405722662785,-0.7260800562215257,1.0
0.6236000561951175,-1.1526014018564723,1.0
-0.20767125408220521,0.3810112466840747,1.0
-0.3466859037577395,0.5752681453212241,1.0
-1.160125016228892,-0.5702668293035491,1.0
2.3599022431761596,-1.8112199465375467,3.0
-0.9587434751949161,0.47629259640688465,1.0
1.126005495886483,-0.1315434054648426,1.0
-0.4646451682772126,-0.15502665008996003,1.0
-0.7637496604240355,0.7345857047763265,1.0
-1.3154846349774085,-0.11985339878450624,1.0
0.6798300147923262,-0.9214828135143156,2.0
-0.7656205159102141,0.23746766164674837,1.0
4.211757014349289,-1.718425316146061,3.0
3.3255975261048185,2.7250475110233574,3.0
1.3226600098987529,-2.2566367387574005,1.0
-0.7211693943190132,-0.07313837624889796,1.0
2.904230887175871,-1.7102573379135109,2.0
-1.4633631949013794,1.1898435406866126,1.0
1.858469986806336,-1.826514821371057,3.0
-1.0520615125411397,0.6584143291220185,1.0
-1.5346003625684466,2.2124300316567704,1.0
-1.472946472262773,1.1479228448004783,1.0
-0.09527196023910056,1.3956330317183094,1.0
-0.7053037419776754,-0.5382583550793215,1.0
